афанасиевич;1
список;1
школьный;1
литература;1
11;1
роман;1
своеобразный;1
призма;1
восприятие;1
издёргать;1
водоворот;1
гражданский;1
обретать;1
эпический;1
интеллигенция;1
отголосок;1
посвящаться;1
любовь;1
евгениевич;1
белозерский;1
мелкий;1
повалить;1
хлопья;1
смешаться;1
барин;1
ямщик;1
судить;1
сообразно;1
христов;1
пастушеский;1
венера;1
марс;1
крепкий;1
ёлочный;1
королева;1
повенчаться;1
снести;1
крутой;1
церковь;1
взвоз;1
отпевать;1
залепить;1
стрельчатый;1
смущение;1
спотыкаться;1
искриться;1
золотенький;1
дьякон;1
носок;1
рант;1
покидать;1
оглушить;1
святитель;1
посадить;1
птичий;1
убито;1
изредка;1
возводить;1
иконостас;1
тонуть;1
свод;1
алтарь;1
возноситься;1
моргать;1
несправедливость;1
понадобиться;1
отнять;1
съехаться;1
облегчение;1
улетать;1
потрескаться;1
отпеть;1
гулкий;1
плита;1
паперть;1
проводить;1
мраморный;1
греть;1
растить;1
крошечный;1
читаться;1
хвоя;1
парафин;1
стенной;1
смешной;1
пузырчатый;1
прежний;1
чудом;1
грустно;1
ничто;1
заткнуть;1
голландский;1
скала;1
живительный;1
жаркий;1
мебель;1
бархат;1
шишечка;1
малиновый;1
людовик;1
xiv;1
нежиться;1
озеро;1
турецкий;1
завитушка;1
восточный;1
мерещиться;1
бреда;1
скарлатина;1
шкап;1
шоколад;1
наташа;1
ростовый;1
золочёный;1
портрет;1
вырастить;1
слабеть;1
плачущий;1
дружно;1
семнадцать;1
переставать;1
думаться;1
писаться;1
шоколадный;1
погромыхивать;1
утроба;1
щетинистый;1
улететь;1
похороны;1
забывать;1
наладить;1
умолкнуть;1
сидя;1
вдаль;1
домишко;1
тесный;1
весенний;1
спутать;1
сирень;1
конфузиться;1
приходиться;1
шевельнуться;1
унывать;1
следовать;1
наложить;1
выпростать;1
ряска;1
книжка;1
раскрыть;1
заложить;1
вышитый;1
цветной;1
закладка;1
допускать;1
убедительно;1
проговорить;1
грех;1
книжечка;1
специальность;1
богословский;1
приподнять;1
ангел;1
чаша;1
источник;1
стремительно;1
подходить;1
отсвет;1
чувствоваться;1
постройка;1
изумительный;1
покатый;1
лепиться;1
крутый;1
лапчатый;1
сарайчик;1
накрыть;1
подвальный;1
засветиться;1
слабенький;1
трус;1
буржуй;1
несимпатичный;1
вытащить;1
николкин;1
фонарик;1
ударить;1
обшивка;1
содрать;1
прибить;1
подстрелить;1
караул;1
сапожник;1
ржавый;1
осыпаться;1
поволочь;1
саардама;1
притронуться;1
поверхность;1
исторический;1
запись;1
смысл;1
значение;1
выручка;1
сочувствовать;1
рожа;1
отвиснуть;1
детство;1
чернила;1
сок;1
записать;1
васильный;1
билет;1
аида;1
бельэтаж;1
8;1
некрасивый;1
застрелиться;1
нарисовать;1
самодержавие;1
июнь;1
баркарола;1
бородин;1
печатный;1
приказывать;1
посторонний;1
вещь;1
угроза;1
расстрел;1
товарищ;1
лишение;1
подольский;1
район;1
мужской;1
портной;1
абрам;1
пружинер;1
30;1
разрисовать;1
светловолосый;1
октябрь;1
рейтузы;1
любимый;1
поза;1
скамеечка;1
вытянуть;1
подруга;1
неопределённо;1
толком;1
нашивка;1
остроуглый;1
трехцветный;1
отдел;1
ввиду;1
задёрнуть;1
согревать;1
рождать;1
истый;1
тянуться;1
фасонный;1
бескозырка;1
тонный;1
подпевать;1
зажигаться;1
огонёк;1
жила;1
тихонечко;1
сыпать;1
вспоминать;1
облупить;1
животик;1
осадить;1
испугаться;1
богородицкий;1
зора;1
туманиться;1
пудрить;1
позор;1
раздвинуть;1
просвет;1
подпеть;1
оборвать;1
трое;1
бу;1
кряхтеть;1
приёмный;1
наткнуться;1
опера;1
огонёчек;1
напряжённый;1
пожать;1
впечатление;1
святошин;1
близкий;1
святошина;1
сомнение;1
взяться;1
шпингалет;1
прижать;1
выдавить;1
вылезть;1
расплющить;1
тащить;1
зловеще;1
плеваться;1
внутри;1
особенный;1
фигурный;1
колоннок;1
анне;1
праздничный;1
сервиз;1
томление;1
крахмальный;1
знойный;1
утверждать;1
прочность;1
подступ;1
осколок;1
растоптать;1
каблук;1
приношение;1
поклонник;1
конфетный;1
маркиз;1
ниццкай;1
флора;1
тарелочка;1
узор;1
колбаса;1
маслёнка;1
сухарница;1
пила;1
фраж;1
чаёк;1
чайник;1
гарусный;1
отражаться;1
изуродовать;1
уныло;1
денежный;1
вяло;1
жевать;1
бутерброд;1
остывать;1
сан;1
франциско;1
затуманить;1
океан;1
выдерживать;1
прервать;1
исказиться;1
пауза;1
переползать;1
десятый;1
бурчать;1
поворачивать;1
обкусывать;1
предположительно;1
упрямо;1
щеглов;1
вернуть;1
мыслимый;1
подпустить;1
прохвост;1
ужиться;1
абсурд;1
бандит;1
отдельный;1
разложение;1
апсольман;1
налить;1
чашечка;1
соблюдать;1
говориться;1
спокойствие;1
уверить;1
выдумывать;1
зря;1
свободный;1
помолчать;1
подлость;1
достаточно;1
раздавить;1
подлый;1
игра;1
хвалёный;1
уголёк;1
вывалиться;1
поднос;1
невольно;1
солидно;1
хрипнуть;1
пробить;1
заливистый;1
подтвердить;1
отворять;1
порозоветь;1
удивлённый;1
переваливаться;1
впустить;1
очутиться;1
высокий;1
широкоплечий;1
пята;1
защитный;1
поручичий;1
химический;1
карандаш;1
заиндеветь;1
занять;1
закоченеть;1
ухватиться;1
распутать;1
блин;1
фуражка;1
потемнеть;1
привлекательный;1
давний;1
порода;1
вырождение;1
смелый;1
горбинка;1
особый;1
уголок;1
приспустить;1
косовато;1
скульптор;1
лепить;1
фантазия;1
откусить;1
мужественный;1
неправильный;1
слабо;1
горлышко;1
покачнуть;1
стойка;1
олений;1
рог;1
лена;1
ночевать;1
дойти;1
пытаться;1
подуть;1
поседеть;1
иней;1
бархатка;1
расстегнуть;1
пройтись;1
полно;1
кишеть;1
засуетиться;1
отпустить;1
снимать;1
живо;1
забегать;1
стягивать;1
щегольский;1
икра;1
размотаться;1
мерзкий;1
пятнистый;1
портянка;1
отправить;1
дохнуть;1
вошь;1
батистовый;1
перекрещённый;1
подтяжка;1
штрипка;1
больной;1
жалкий;1
посинеть;1
зашлёпать;1
зашарить;1
грозна;1
наст;1
подлец;1
полушубок;1
ва;1
алёнка;1
передразнить;1
вален;1
взрезать;1
нестерпимый;1
слезливый;1
кабак;1
сипеть;1
корчиться;1
тыкать;1
простонать;1
денатурат;1
винный;1
стаканчик;1
горько;1
закачаться;1
приморозить;1
присесть;1
корточки;1
натягивать;1
негнущийся;1
купальный;1
расцвести;1
алый;1
бельё;1
смягчиться;1
ожить;1
град;1
подоконник;1
скосить;1
ругать;1
похабный;1
обложить;1
площадной;1
лязгать;1
согреваться;1
рычать;1
погнать;1
сутки;1
саженый;1
кура;1
зарезать;1
ошалевать;1
ата;1
рок;1
лахудра;1
перекосить;1
ненавистный;1
сюсюкать;1
оправдать;1
доверие;1
гибнуть;1
появление;1
неприятель;1
иголка;1
полночь;1
костёр;1
разжечь;1
шевелиться;1
вскинуть;1
искушение;1
волк;1
отозваться;1
зарыться;1
нарыть;1
каюк;1
забухать;1
пуд;1
поздравлять;1
стянуть;1
маленько;1
перекликаться;1
сбиться;1
куча;1
отходить;1
греться;1
одетый;1
привести;1
серебрянка;1
навалиться;1
вроде;1
орава;1
визит;1
связишка;1
обкатить;1
пыл;1
довести;1
расточиться;1
местный;1
мужичка;1
посасывать;1
смениться;1
поздравить;1
двое;1
резать;1
попелюха;1
попереть;1
деревушка;1
вымереть;1
тулуп;1
клюка;1
обрадоваться;1
недобрый;1
богоносный;1
хрен;1
возликовать;1
голосок;1
дид;1
скорее;1
угнать;1
мигнуть;1
дэж;1
вси;1
хлопци;1
ляпнуть;1
разглядеть;1
петлюровец;1
остервениться;1
манишка;1
сбегать;1
стерва;1
землепашец;1
сеятель;1
хранитель;1
обвал;1
спустить;1
ругательство;1
прозреть;1
орать;1
извинить;1
це;1
сдуру;1
зараз;1
тилька;1
вбивать;1
розвальни;1
непостижимо;1
насчитать;1
неразвёрнутый;1
некуда;1
деть;1
наслать;1
перевязочный;1
летучка;1
свалить;1
озвереть;1
петлюровский;1
найти;1
электричество;1
холуй;1
денщицкий;1
тип;1
пускать;1
сплять;1
велено;1
двина;1
горошек;1
заегозить;1
эй;1
вестовый;1
щи;1
разместить;1
п;1
отдых;1
геройство;1
потеря;1
жертва;1
измучиться;1
клюнуть;1
отряд;1
свезти;1
очевидный;1
отделаться;1
командировать;1
картузов;1
окоченелый;1
тамара;1
выронить;1
захрапеть;1
растерять;1
озабоченно;1
мыться;1
ситцевый;1
занавеска;1
метаться;1
наколоть;1
берёза;1
кухонный;1
часишко;1
настучать;1
полумгла;1
венец;1
звоночек;1
затрепетать;1
буря;1
яркий;1
забить;1
затикать;1
действовать;1
клиновидный;1
свадьба;1
образоваться;1
трещина;1
двухслойный;1
безопасность;1
скрытый;1
отразиться;1
пояс;1
головка;1
ровно;1
поджарый;1
поворачиваться;1
часами;1
автомат;1
озябнуть;1
благосклонно;1
благосклонность;1
сказаться;1
шмыгнуть;1
медленно;1
провинция;1
конвоировать;1
жмуриться;1
мертво;1
храпеть;1
показывать;1
коронка;1
снисходительно;1
вряд;1
разложиться;1
ворваться;1
взмахивать;1
слазить;1
хлопец;1
полагать;1
искать;1
выразительно;1
добавить;1
пара;1
пастушка;1
фронтон;1
неимоверный;1
усилие;1
зацепиться;1
дежурить;1
возле;1
утонуть;1
прижаться;1
вата;1
безобидно;1
бухать;1
подурнеть;1
неумолимо;1
никак;1
поступить;1
помириться;1
неизбежный;1
положение;1
измениться;1
патентованный;1
улыбка;1
убрать;1
постарелый;1
неверный;1
разорить;1
внутренний;1
матросский;1
дыбом;1
похудеть;1
складка;1
вкладывать;1
кальсоны;1
ковырять;1
хаос;1
укладка;1
сдёрнуть;1
сдёргивать;1
священный;1
убегать;1
крысий;1
побежка;1
опасность;1
попирать;1
застегнуть;1
наушник;1
опоясать;1
гусеница;1
ослепительно;1
буссова;1
глупый;1
тривиальный;1
здоровый;1
широченный;1
повязка;1
кирпичный;1
арестовать;1
раздражительный;1
сухо;1
разрозненный;1
равнина;1
шеренга;1
предохранять;1
дохлятина;1
притащиться;1
сюрприз;1
тихий;1
сметь;1
некоторый;1
опаска;1
неуверенный;1
нигде;1
служить;1
грамматический;1
упражнение;1
отпечатать;1
дешёвый;1
книжонка;1
игнатий;1
грамматика;1
пасха;1
гудеть;1
арена;1
гетьманский;1
гетьмана;1
милый;1
презрительно;1
вылиться;1
сердиться;1
политика;1
бестактно;1
показываться;1
расставить;1
искорка;1
образ;1
мода;1
припухнуть;1
средний;1
придворный;1
астролог;1
составлять;1
гороскоп;1
предсказывать;1
неподходящий;1
неудачливый;1
проделывать;1
причудливый;1
зерно;1
стручок;1
болтаться;1
диктовать;1
писарь;1
труд;1
разбираться;1
принадлежащий;1
перу;1
гибель;1
скитание;1
беспрепятственно;1
румыния;1
крым;1
бусс;1
содействие;1
ценить;1
оккупация;1
расчёт;1
карьера;1
деникин;1
начальник;1
тронутый;1
крайность;1
паспорт;1
очнуться;1
предупредить;1
предавать;1
густо;1
обязательно;1
менять;1
предаваться;1
некогда;1
целовать;1
всплакнуть;1
вспыхнуть;1
залить;1
партитура;1
нотный;1
рыжебородый;1
молить;1
охранить;1
сентиментальный;1
запомниться;1
миг;1
истрепать;1
каватина;1
всесильный;1
зазвучать;1
клавиша;1
рампа;1
промолчать;1
младший;1
просительно;1
помяться;1
карманный;1
притянуть;1
перекрестить;1
кривой;1
уколоть;1
щётка;1
заглянуть;1
бумажник;1
проверить;1
пересчитать;1
тощий;1
отделение;1
напряжённо;1
оборачиваться;1
громыхание;1
свеситься;1
перила;1
острый;1
хохол;1
порожний;1
товарный;1
скорость;1
поддувать;1
жаба;1
бронепоезд;1
дико;1
гвалт;1
стук;1
задерживаться;1
свернуть;1
возбуждать;1
обмёрзнуть;1
смело;1
следом;1
тумбовидный;1
часовой;1
площадка;1
стык;1
пульман;1
зависть;1
волочь;1
провыть;1
налететь;1
жгучий;1
заносить;1
крытый;1
полосатый;1
чехол;1
заискивающе;1
против;1
немецк;1
ja;1
пожёвывать;1
сигара;1
закрыться;1
монотонный;1
дорожный;1
откинуть;1
ю;1
беспорядочно;1
впереди;1
завывать;1
грозно;1
неприятно;1
расстроиться;1
ночной;1
домохозяин;1
нарушать;1
назойливый;1
деловитый;1
корка;1
сыр;1
скупость;1
ревнивый;1
спаленка;1
бодрствовать;1
заставить;1
занавесить;1
набитый;1
вследствие;1
стоячий;1
изображать;1
египетский;1
прикрыть;1
красить;1
таинственно;1
кожаный;1
тайна;1
двойственность;1
прежде;1
сталкиваться;1
исключительно;1
чудо;1
сменить;1
чёткий;1
будущий;1
ответственность;1
анкета;1
справка;1
удостоверение;1
ордер;1
лис;1
плевать;1
очередь;1
состоять;1
бесстрашный;1
зеленеть;1
испугать;1
кровяной;1
василисиный;1
вначале;1
тринадцатый;1
владелец;1
рекомендоваться;1
председатель;1
окончательно;1
затихнуть;1
редкий;1
скрип;1
полоз;1
запор;1
болт;1
крюк;1
выложить;1
цыпочки;1
сходить;1
пиджак;1
засучить;1
банк;1
скатать;1
трубка;1
ножницы;1
щиток;1
завесить;1
заботливо;1
оправить;1
нашарить;1
провести;1
вертикально;1
подсунуть;1
кирпич;1
тайничок;1
изготовить;1
предыдущий;1
пластинка;1
отвести;1
пугливо;1
поворот;1
запечатать;1
пакет;1
газетный;1
похоронить;1
кроить;1
вырезать;1
смазать;1
клейстер;1
прелесть;1
вдохновенно;1
потереть;1
печурка;1
остаток;1
размешать;1
безлюдный;1
беззвучно;1
слезть;1
страдать;1
жадно;1
наблюдать;1
предательский;1
работа;1
навлечь;1
пружинный;1
прыгнуть;1
походка;1
замелить;1
след;1
тарас;1
бульб;1
пушистый;1
мужчина;1
игральный;1
знак;1
карбованцiть;1
нарiвнi;1
кредитовими;1
бiгод;1
вооружённый;1
лопата;1
оборот;1
рамка;1
увеличить;1
красноватый;1
червячок;1
предостерегать;1
надпись;1
караеться;1
тюрма;1
трепан;1
бакенбарда;1
раздражённо;1
коситься;1
художественный;1
произведение;1
лебiдить;1
чиновник;1
предок;1
корешок;1
гончаров;1
брокгауз;1
ефрон;1
уют;1
пятипроцентный;1
прочно;1
15;1
9;1
николаев;1
бриллиантовый;1
брошь;1
ложка;1
портсигар;1
сослуживец;1
курить;1
солонка;1
футляр;1
6;1
персона;1
ситечко;1
дровяной;1
влево;1
меловой;1
метка;1
эйнемовский;1
печение;1
клеёнка;1
просмолить;1
аршин;1
чердак;1
северо;1
восток;1
щипец;1
183;1
0;1
процентный;1
текущий;1
расход;1
оглянуться;1
слюнить;1
боговдохновенный;1
заворчать;1
убойно;1
опечалиться;1
шестой;1
девятый;1
подряд;1
угрожать;1
тринадцать;1
явный;1
перевернуть;1
запятая;1
лебiдевский;1
фальшиво;1
просвечивать;1
обратный;1
отложить;1
предназначить;1
вздрогнуть;1
вверху;1
погладить;1
мочальный;1
зажечь;1
тускло;1
граммофонный;1
рупор;1
ворчливый;1
скука;1
отмычка;1
валет;1
трудящийся;1
кулёк;1
сухарь;1
необычайный;1
гитарный;1
необыкновенный;1
мощность;1
страсть;1
средство;1
отказать;1
забарахтаться;1
брысь;1
яростный;1
люстра;1
белизна;1
свежий;1
тепличный;1
лафитный;1
яблоко;1
излом;1
ваз;1
юмористический;1
остров;1
беспричинный;1
вал;1
развязный;1
страумие;1
ар;1
арбуз;1
американец;1
завеса;1
игривый;1
брейтмана;1
острота;1
добиваться;1
рожать;1
овца;1
брезент;1
родзянко;1
президент;1
опомниться;1
пропадать;1
тупеть;1
председательский;1
противоположный;1
усталость;1
стужа;1
пережить;1
грань;1
лейба;1
уланский;1
белоруков;1
фёдор;1
николаевич;1
гимназический;1
кличка;1
укладистый;1
свёртка;1
нагрузить;1
терпение;1
занятие;1
пёс;1
приползти;1
непременно;1
мортирный;1
студенческий;1
глупо;1
сгеройствовать;1
поспешить;1
ан;1
рама;1
припудрить;1
ничтожество;1
кавалерийский;1
выутюжить;1
мячик;1
исчезновение;1
розоватый;1
ураган;1
гименея;1
долг;1
норма;1
сцена;1
la;1
scala;1
жмеринка;1
графиня;1
лендриков;1
fa;1
lа;1
тактовый;1
ужинать;1
сюда;1
деникинский;1
звякнуть;1
квартирьер;1
послезавтра;1
бурый;1
неуместный;1
одесский;1
порт;1
разгружаться;1
транспорт;1
грек;1
сенегал;1
продержаться;1
предатель;1
поймать;1
застрелить;1
окончательный;1
бокал;1
вешалка;1
рукоять;1
подарить;1
персидский;1
дарить;1
стейер;1
воронёный;1
дуть;1
трогать;1
хищный;1
заплакать;1
захотеться;1
неловко;1
замерзать;1
готовый;1
обучить;1
сингалёз;1
помёрзнуть;1
климат;1
устройство;1
миленький;1
хай;1
жив;1
вильно;1
киев;1
полгода;1
терроризировать;1
население;1
развести;1
мразь;1
ухватить;1
поперёк;1
сеять;1
хладнокровно;1
обозлиться;1
накипеть;1
осточертеть;1
огурец;1
горло;1
бурно;1
задохся;1
колотить;1
правильно;1
скрепить;1
стукнуть;1
гимназия;1
ура;1
разучиться;1
русски;1
курицкий;1
вытаращить;1
кланяться;1
треск;1
захохотать;1
водиться;1
участок;1
валютчик;1
приказ;1
грыжа;1
братец;1
кофейня;1
шептаться;1
швах;1
ломать;1
комедия;1
украинизация;1
пятидесятитысячный;1
отборный;1
малороссия;1
прихлопнуть;1
кошка;1
жрать;1
сукин;1
покрыться;1
вылетать;1
брызги;1
слюна;1
министр;1
оборона;1
иронически;1
митинг;1
незаменимый;1
оратор;1
остряк;1
неправда;1
тоненько;1
выкликнуть;1
столковаться;1
проиграть;1
лопать;1
подавиться;1
удержать;1
заболеть;1
болезнь;1
х;1
допустить;1
правильный;1
дипломат;1
элемент;1
балакать;1
мов;1
процент;1
девяносто;1
роль;1
бродить;1
утихомирить;1
впоследствии;1
развеваться;1
трехцветной;1
поправимый;1
перекреститься;1
икона;1
таков;1
звучно;1
выговорить;1
оказать;1
борьба;1
занятый;1
стопа;1
сообщение;1
горестно;1
побелеть;1
прошептать;1
искоса;1
сосед;1
напиться;1
мощно;1
слушайте;1
представляться;1
тю;1
удивиться;1
милостивый;1
поговорить;1
прощаться;1
дальнейший;1
раздвинуться;1
зал;1
глава;1
прослезиться;1
светло;1
обвести;1
залпом;1
глотнуть;1
зажмуриться;1
уставиться;1
ветчина;1
болезненно;1
сморщиться;1
государыня;1
преувеличить;1
спьяна;1
сострить;1
возмущённо;1
нырнуть;1
вымыслить;1
спастись;1
мосье;1
жильяр;1
вывезти;1
азия;1
проехать;1
сингапур;1
европа;1
выкинуть;1
дания;1
августейший;1
мария;1
фёдорович;1
стонать;1
восторженно;1
вытирать;1
предлагать;1
тост;1
блеснуть;1
гранёный;1
пронзить;1
развиться;1
висок;1
надломленный;1
хрипло;1
проститься;1
отречение;1
дно;1
научить;1
опыт;1
монархия;1
pa;1
трижды;1
пронестись;1
внизу;1
истошный;1
адресоваться;1
жаловаться;1
захныкать;1
окаменеть;1
масляный;1
главенствовать;1
баритон;1
си;1
ильный;1
де;1
ержавный;1
царрра;1
ствовать;1
вспотеть;1
суконный;1
душевнобольной;1
подвести;1
расхлебать;1
гимн;1
свалиться;1
расплыться;1
вскрикивание;1
православный;1
самодержавный;1
покачиваться;1
павля;1
заплетаться;1
произнести;1
верра;1
зааплодировать;1
ярус;1
идиот;1
жи;1
ды;1
ущелие;1
заколдованный;1
мутиться;1
замучить;1
тяжко;1
дёргаться;1
слипнуться;1
раковина;1
завести;1
вытряхнуть;1
мешок;1
полоса;1
секунда;1
собственный;1
повторить;1
клясться;1
мешать;1
оседать;1
расшириться;1
жалостливо;1
напрягаться;1
полумёртвый;1
мотаться;1
разъезжаться;1
нитка;1
садиться;1
цветик;1
класть;1
запахнуть;1
вить;1
николушко;1
кабинет;1
склянка;1
liquor;1
ammonii;1
пульс;1
резко;1
раскрывать;1
лить;1
помутиться;1
хрр;1
ух;1
тьф;1
фэ;1
мокрый;1
стекать;1
капля;1
виднеться;1
закатиться;1
набрякнуть;1
веко;1
белка;1
обостриться;1
толкать;1
суетиться;1
возиться;1
открыть;1
прохрипеть;1
приготовлять;1
бодриться;1
щёлкнуть;1
поклониться;1
замелькать;1
затрудняться;1
ухо;1
благодарность;1
хлопоты;1
обойтись;1
проспаться;1
застелить;1
ложа;1
сдвинуть;1
узенький;1
полотнище;1
томила;1
лампочка;1
стоящий;1
надеть;1
тонко;1
напудрить;1
коробка;1
обветшалый;1
сборка;1
ссечься;1
потускнеть;1
потереться;1
капот;1
старенький;1
медвежий;1
шкура;1
недолговечный;1
хмель;1
одевать;1
соседний;1
задвинуть;1
жизненный;1
бодрый;1
мертвенный;1
сдерживать;1
вполголоса;1
едва;1
налитой;1
сощурить;1
непонятный;1
резонный;1
привязаться;1
чрезвычайный;1
полтора;1
прожить;1
рыжеть;1
карьерист;1
облегчить;1
значительно;1
алеш;1
капотик;1
осветиться;1
жирный;1
передаться;1
жечь;1
мелочь;1
лишённый;1
бесструнный;1
балалайка;1
выпадать;1
удружить;1
попасться;1
вычитывать;1
бессмысленно;1
раздеться;1
уснуть;1
рост;1
брюки;1
клетка;1
глумливый;1
нищать;1
г;1
гадина;1
доставать;1
погнаться;1
светать;1
бледно;1
сниться;1
4;1
многоярусный;1
соты;1
дымиться;1
куриться;1
громоздиться;1
синь;1
высь;1
драгоценный;1
подвесить;1
приятный;1
гудение;1
трамвай;1
соломенный;1
пухлый;1
сидение;1
образец;1
заграничный;1
покрикивать;1
серебристый;1
безмолвный;1
спокойный;1
отягчить;1
нетронутый;1
аллея;1
каштан;1
овраг;1
клён;1
липа;1
красоваться;1
уступ;1
расширяться;1
пестрить;1
сгнить;1
парапет;1
преграждать;1
обрыв;1
отвесный;1
падать;1
терраса;1
расходиться;1
береговой;1
роща;1
шоссе;1
вьющийся;1
сковать;1
порог;1
запорожский;1
сечь;1
херсонести;1
упадать;1
излучина;1
машинный;1
гул;1
внутрь;1
здание;1
смягчаться;1
довольно;1
энергия;1
накопить;1
грозовой;1
выливаться;1
загораться;1
шарах;1
газовый;1
огненный;1
наводящий;1
суетный;1
неустанно;1
колесо;1
расшатывать;1
основание;1
переливаться;1
одеваться;1
горка;1
мгла;1
путаный;1
заводь;1
изгиб;1
ивняк;1
лодка;1
водяной;1
пристань;1
зимой;1
гуща;1
спокойно;1
царить;1
пологий;1
даль;1
перекинуть;1
цепной;1
слободка;1
высоченный;1
раскинуть;1
неестественный;1
двадцатый;1
столетие;1
переполнить;1
давнишний;1
сжиматься;1
неволя;1
впускать;1
устремляться;1
седоватый;1
делец;1
доверенный;1
помощник;1
поручить;1
терять;1
нарождаться;1
тайный;1
общественный;1
деятель;1
журналист;1
продажный;1
алчный;1
аристократический;1
развратница;1
накрасить;1
карминовый;1
секретарь;1
департамент;1
юный;1
пассивный;1
педераст;1
алтынник;1
ростовщик;1
жандарм;1
актриса;1
весна;1
обедать;1
съестной;1
лавка;1
паштетный;1
подавать;1
миниатюра;1
подмостки;1
кривляться;1
смешить;1
слететься;1
негр;1
величественный;1
режиссёр;1
художник;1
поносить;1
таскать;1
седок;1
кабаре;1
струнный;1
музыка;1
неземной;1
истощённый;1
закокаиненный;1
проститутка;1
разбухать;1
шириться;1
лезть;1
опара;1
горшок;1
шелестеть;1
игорный;1
майор;1
уважать;1
арап;1
украинско;1
волосок;1
максим;1
скрипка;1
обаятельный;1
румын;1
томный;1
белок;1
бархатный;1
увить;1
шаль;1
оранжевый;1
шёлк;1
разливаться;1
бриллиант;1
сибирский;1
жжёный;1
дутый;1
наваченный;1
кафтан;1
мохнатиться;1
жир;1
балык;1
орёл;1
шампанское;1
абрау;1
хрящеватый;1
серенький;1
щетинка;1
штиблета;1
солист;1
пенсне;1
звонкий;1
биллиардный;1
водить;1
батист;1
гнать;1
письмо;1
отдушина;1
кстати;1
твориться;1
запрашивать;1
виза;1
переводить;1
чуя;1
достигнуть;1
мечтать;1
париж;1
бессонный;1
хлынуть;1
блистательный;1
всюду;1
везде;1
охранять;1
постоянно;1
глухонький;1
выстрел;1
окраина;1
временами;1
чешуйчатый;1
сковывать;1
торчать;1
рослый;1
четырехвершковый;1
шестьсот;1
всадник;1
грузный;1
вождь;1
памятник;1
городок;1
радоваться;1
злорадно;1
скалить;1
пограничный;1
проволока;1
сунуться;1
шипящий;1
описываться;1
лавочник;1
лошадиный;1
заразить;1
сап;1
совет;1
писатель;1
направляться;1
рисковать;1
безденежный;1
неизгладимый;1
профессия;1
суметь;1
травленый;1
вшивый;1
небритый;1
беспогонный;1
приспосабливаться;1
насидеть;1
устраивать;1
заново;1
кирасир;1
легко;1
пена;1
фантастический;1
усаживаться;1
масленый;1
гнилой;1
пломба;1
шуба;1
бобровый;1
полутёмный;1
резной;1
дуб;1
липка;1
отель;1
навсегда;1
зажить;1
ободрать;1
укрываться;1
хлопотать;1
кипеть;1
двинуть;1
драка;1
инженерный;1
артиллерийский;1
выбросить;1
искалечить;1
взрослый;1
семнадцатилетний;1
мило;1
вероятность;1
невиданный;1
властитель;1
xvii;1
нежели;1
xx;1
звать;1
павел;1
петрович;1
насмешка;1
историк;1
материал;1
оседлый;1
испытать;1
междуусобный;1
вообще;1
либо;1
ошеломлять;1
быстрота;1
воцариться;1
рынок;1
ради;1
менее;1
осуществиться;1
значительный;1
москвич;1
петербуржец;1
большинство;1
смеяться;1
подобно;1
невсамделишный;1
славословить;1
полиция;1
варт;1
войско;1
различный;1
величина;1
отдалить;1
расположить;1
всеять;1
доходить;1
область;1
название;1
безжалостно;1
карать;1
расстреливать;1
возмущение;1
раздаться;1
скалиться;1
попробовать;1
зверь;1
5;1
нежданно;1
негаданно;1
шахматный;1
доска;1
неумелый;1
отгородиться;1
пешечный;1
партнёр;1
группировать;1
около;1
игрушечный;1
противник;1
сбоку;1
объявлять;1
шах;1
стремительный;1
слон;1
подлетать;1
погибать;1
слабый;1
получать;1
мат;1
жемчужина;1
бирюза;1
выкатиться;1
освещать;1
двинуться;1
муравей;1
делишки;1
заспанный;1
открывать;1
прокатиться;1
зловещий;1
неслыханный;1
тембр;1
настолько;1
форточка;1
скатиться;1
разрастись;1
растерзать;1
вой;1
визг;1
обваливаться;1
печерский;1
почва;1
шатнуться;1
кричащий;1
помещаться;1
порох;1
ожидать;1
ядовитый;1
прекратиться;1
приобрести;1
исключение;1
небольшой;1
командование;1
нарядить;1
относительно;1
зелень;1
выпивать;1
содовый;1
поистине;1
чудовищно;1
главнокомандующий;1
фельдмаршал;1
неприкосновенный;1
могущество;1
заместитель;1
рабочий;1
социалист;1
убийца;1
подвезти;1
происшествие;1
воскресить;1
нисколько;1
зато;1
пуговица;1
чесучовый;1
шёпотом;1
сопоставлять;1
заключение;1
непрочно;1
пошевелить;1
короткий;1
дёрнуть;1
предзнаменование;1
обрушиться;1
непосредственно;1
солнышко;1
заслать;1
бесподобный;1
блеск;1
монист;1
царственный;1
екатерининский;1
стройный;1
колыхаться;1
упругий;1
ложиться;1
пятьдэсить;1
указывать;1
жалобно;1
побояться;1
этак;1
що;1
зробить;1
уса;1
дорого;1
казать;1
будэ;1
дерзкий;1
ранний;1
поляна;1
хвойный;1
облизывать;1
косить;1
распуститься;1
решиться;1
алебастровый;1
запениться;1
кувшин;1
вона;1
выучуть;1
качнуть;1
коромысло;1
ги;1
донестись;1
швырнуть;1
равнодушно;1
безобразие;1
наглость;1
взбеситься;1
высовываться;1
стан;1
удержаться;1
полутьма;1
гнести;1
ключица;1
вперёд;1
связанный;1
оглобля;1
неловкость;1
роскошь;1
ведьма;1
дерзость;1
умопомрачительный;1
нехорошо;1
умываться;1
подкрасться;1
осень;1
наливной;1
август;1
незначительно;1
сентябрьский;1
подписать;1
соответствующий;1
предписываться;1
666;1
содержаться;1
означенный;1
преступник;1
пожар;1
погром;1
незначительный;1
семён;1
период;1
февраль;1
1919;1
манер;1
бухгалтер;1
счетовод;1
изящный;1
вывеска;1
кофейный;1
феска;1
курящий;1
задрать;1
клятвенно;1
уверять;1
недавно;1
продавать;1
изящно;1
стоя;1
прилавок;1
фабрика;1
соломон;1
коген;1
уполномоченный;1
типичный;1
приезжий;1
закрывать;1
припомнить;1
рассказывать;1
причём;1
мышка;1
завернуть;1
добавлять;1
земляк;1
интересный;1
румяный;1
землячка;1
курсистка;1
сливянка;1
благодатный;1
гриц;1
хо;1
путаться;1
описание;1
наружность;1
дата;1
указание;1
бородка;1
разве;1
таращий;1
фу;1
изморось;1
неясно;1
поить;1
ют;1
мимо;1
растрепать;1
коса;1
полночный;1
литавра;1
торбан;1
стальной;1
засекать;1
шлычный;1
конница;1
вещий;1
катиться;1
валяться;1
недочитанный;1
глумиться;1
бес;1
миф;1
лютый;1
четырежды;1
скопиться;1
стек;1
беглый;1
непокорный;1
исполосовать;1
сердюков;1
клочок;1
майоров;1
выдать;1
презрительный;1
хохоток;1
реквизировать;1
отобрать;1
поместье;1
дрожь;1
земельный;1
намереваться;1
догадаться;1
собака;1
мыслишка;1
панский;1
сволочной;1
чаемый;1
гербовый;1
владение;1
наследственный;1
внук;1
шпана;1
требовать;1
привозить;1
керосин;1
обожать;1
справиться;1
жид;1
головушка;1
ниоткуда;1
спасение;1
приказание;1
начальство;1
упрятать;1
клуня;1
коморы;1
сдать;1
скорый;1
полевой;1
суд;1
порка;1
трехдюймовый;1
орудие;1
цейхгауз;1
фельдшер;1
однодворец;1
семинарист;1
здоровенный;1
пчеловод;1
волшебный;1
воображать;1
панов;1
москаль;1
пленный;1
украинец;1
галиция;1
довесочек;1
мужичок;1
мираж;1
слиться;1
ярость;1
жажда;1
чаяние;1
сынов;1
подсолнечный;1
жарка;1
хвататься;1
восклицать;1
quos;1
vult;1
perdere;1
dementat;1
загадить;1
пустяшный;1
выпуск;1
мифический;1
величественно;1
галльский;1
европейский;1
заклевать;1
полусмерть;1
зрелище;1
фригийский;1
колпак;1
картавый;1
клёкот;1
налетать;1
бронировать;1
клок;1
бронь;1
отчаянно;1
вгонять;1
оперить;1
грызть;1
пощада;1
вытечь;1
штопорный;1
шестидюймовый;1
наверняка;1
сплошь;1
ворс;1
превращаться;1
подозрительный;1
рогожка;1
немногий;1
моноклёвый;1
потухать;1
живой;1
диск;1
реденький;1
нищета;1
ток;1
проскочить;1
лагерь;1
исполниться;1
выглядеть;1
испортиться;1
освещение;1
болезненный;1
рахитик;1
демон;1
ребята;1
протухший;1
постный;1
ругань;1
встречать;1
удивительный;1
незваный;1
умигать;1
помигушко;1
иго;1
картавить;1
светозарный;1
шлем;1
опираться;1
меч;1
крестовый;1
наесть;1
трепет;1
испытывать;1
наяву;1
гай;1
ручей;1
мечтание;1
крестоносец;1
заведомо;1
1916;1
виленский;1
направление;1
витязь;1
распространять;1
грубый;1
памятный;1
собственноручно;1
смертельный;1
неузнаваемый;1
сходный;1
бездонный;1
изнутри;1
сумрачный;1
слепить;1
игрушка;1
любопытство;1
безотчётный;1
обоз;1
пик;1
виолончельный;1
бас;1
теплеть;1
поражаться;1
старичок;1
обходительный;1
докладай;1
скромно;1
кашлянуть;1
кулак;1
почесать;1
пристать;1
мигать;1
взвод;1
мол;1
турнуть;1
временно;1
выяснение;1
посидеть;1
вольный;1
положительный;1
зырк;1
повозка;1
клюква;1
эге;1
покачать;1
точно;1
рукоприкладство;1
старикан;1
хитро;1
подмигнуть;1
вынудить;1
согласиться;1
потуплять;1
родинка;1
смутно;1
крякнуть;1
сообщать;1
выразить;1
заминочка;1
обождать;1
потребоваться;1
подъезжать;1
горделивый;1
бесследно;1
эскадронный;1
рысью;1
погодя;1
юнкерок;1
пеший;1
потупиться;1
наоборот;1
радостный;1
славный;1
грита;1
настежь;1
справа;1
ягода;1
зашуметь;1
заиграть;1
итальянский;1
взводный;1
дунуть;1
замереть;1
вдали;1
впереться;1
ахнуть;1
возбуждённо;1
взмахнуть;1
обозрение;1
поставить;1
запасный;1
хоромы;1
батюшка;1
разрешить;1
оригинально;1
чакчиры;1
отливать;1
напрягать;1
бедный;1
земной;1
заранее;1
м;1
сомневаться;1
врать;1
неоднократно;1
испустить;1
гордо;1
утончиться;1
лик;1
осиять;1
бывать;1
взглянуть;1
похолодеть;1
пронять;1
разнообразный;1
скрозить;1
ад;1
вишь;1
взбодрить;1
истинный;1
помиловать;1
этакий;1
любопытно;1
прибыль;1
убыток;1
поступок;1
касаться;1
убиенный;1
общий;1
расстраивать;1
гулять;1
попов;1
срам;1
уволить;1
вчистую;1
дармоед;1
необъяснимый;1
протягивать;1
ль;1
устроиться;1
приветно;1
утвердительно;1
закачать;1
отодвигаться;1
понемногу;1
бледнеть;1
квадрат;1
рассветный;1
отереть;1
вздыхать;1
утренний;1
замедлить;1
осенний;1
зимний;1
веять;1
постукивать;1
перелеска;1
корявый;1
мужичонок;1
гнев;1
лаптишки;1
сено;1
непокрытый;1
сваляться;1
дубина;1
обходиться;1
начинание;1
запорхать;1
лёгонький;1
петушки;1
багровый;1
заходить;1
половой;1
орган;1
шинкарить;1
еврей;1
польский;1
варшава;1
генрик;1
сенкевич;1
ухмыльнуться;1
чертовщина;1
вспучиться;1
пузырь;1
звонить;1
церквушка;1
выбить;1
ружейный;1
привидение;1
старец;1
душистый;1
самогон;1
каркать;1
складываться;1
чрезвычайность;1
декларация;1
пророк;1
пороть;1
хитрый;1
закавыка;1
допустимый;1
невозможный;1
ознакомительный;1
фрагмент;1
текст;1
предоставить;1
ооо;1
целиком;1
легальный;1
версия;1
https;1
www;1
litres;1
ru;1
mihail;1
bulgakov;1
belaya;1
gvardiya;1
129100;1
lfrom;1
159481197;1
безопасно;1
оплатить;1
банковский;1
visa;1
mastercard;1
maestro;1
мобильный;1
телефон;1
платёжный;1
терминал;1
мтс;1
связный;1
paypal;1
webmoney;1
яндекс;1
qiwi;1
кошелёк;1
бонусный;1
удобный;1
способ;1
notes;1
примечание;1
михаил;2
хроника;2
увидеть;2
дворянский;2
перо;2
трагедия;2
доноситься;2
i;2
ветер;2
завыть;2
буран;2
написать;2
обильный;2
особенно;2
высоко;2
вечерний;2
дрожать;2
мирный;2
лететь;2
заметить;2
служба;2
гнездо;2
гроб;2
алексеевский;2
спуск;2
вишнёвый;2
акация;2
скрипеть;2
рокотать;2
прощание;2
вихор;2
нависнуть;2
старое;2
коричневый;2
полумрак;2
обида;2
зачем;2
давать;2
кладбище;2
13;2
еленка;2
часто;2
площадь;2
ветвь;2
башенный;2
искра;2
умереть;2
профессор;2
привыкнуть;2
пустой;2
потёртый;2
райский;2
чудной;2
старинный;2
серебро;2
цепляться;2
месть;2
мести;2
потрясти;2
ворчать;2
встревожить;2
рукавица;2
сжечь;2
мучиться;2
забитый;2
шуметь;2
конфузливый;2
пробормотать;2
уныние;2
испытание;2
прочитать;2
вылить;2
итак;2
скоро;2
двухэтажный;2
ветка;2
замести;2
жёлтенький;2
загореться;2
сарай;2
конус;2
явно;2
снаружи;2
наскоро;2
одиннадцатый;2
негодяй;2
запеть;2
пласт;2
девять;2
ослепительный;2
тушь;2
спешить;2
момуса;2
наступать;2
хвост;2
леночка;2
12;2
весьма;2
браунинг;2
помнить;2
буква;2
комиссар;2
дамский;2
постареть;2
1917;2
карман;2
туфля;2
почти;2
буфет;2
пряжка;2
плохо;2
левый;2
пехотный;2
сущность;2
жарко;2
кремовый;2
сыграть;2
съёмка;2
тихонько;2
дачник;2
дачница;2
марш;2
струна;2
отстреливаться;2
туча;2
солдат;2
сдаться;2
столб;2
зной;2
червонный;2
пыль;2
юнкерский;2
понятно;2
сестра;2
скрыть;2
тяжело;2
мерцать;2
прильнуть;2
волнение;2
штука;2
несчастие;2
цвета;2
владимирович;2
семейство;2
скатерть;2
пола;2
лосниться;2
ваза;2
гортензия;2
враг;2
разбить;2
цветок;2
продавщица;2
цветочный;2
закусить;2
выпить;2
обстоятельство;2
верхом;2
тоска;2
подёрнуть;2
застрять;2
случиться;2
желать;2
движение;2
поднимать;2
произвол;2
тоскливый;2
бородянка;2
решительно;2
представлять;2
смешно;2
пожалуйста;2
езда;2
наверное;2
отлично;2
муха;2
двойной;2
седой;2
пепел;2
звон;2
радостно;2
побежать;2
прогреметь;2
пропеть;2
хриплый;2
тенор;2
витя;2
капюшон;2
кокарда;2
виктор;2
викторович;2
цвет;2
ресница;2
принять;2
печально;2
срезать;2
родиться;2
дикий;2
глина;2
осторожный;2
бережно;2
выглядывать;2
обрывок;2
повернуться;2
домой;2
слушаться;2
подстричь;2
усов;2
таять;2
намокнуть;2
шов;2
вытягивать;2
грязный;2
рубашка;2
зажигать;2
колонка;2
стон;2
повалиться;2
загреметь;2
бридж;2
валенок;2
боль;2
услыхать;2
яростно;2
противный;2
опьянеть;2
мгновенно;2
муть;2
отрезать;2
скорчиться;2
поморозить;2
матерный;2
вскрикивать;2
дворец;2
постоять;2
сколько;2
изобразить;2
переходить;2
патрон;2
просить;2
беречь;2
обыкновенный;2
сойти;2
чудиться;2
вытерпеть;2
дремать;2
вставать;2
пожаловать;2
вообразить;2
пулемётный;2
a;2
вскричать;2
оказываться;2
повести;2
волынский;2
батарея;2
шрапнель;2
угаснуть;2
богоносец;2
хрипеть;2
папироса;2
считать;2
замёрзнуть;2
подобрать;2
насмерть;2
хлопчик;2
уси;2
побигла;2
сослепу;2
выскочить;2
пристрелить;2
небесный;2
святой;2
высокоблагородие;2
нут;2
приём;2
принимать;2
коньяк;2
зевнуть;2
доложить;2
откинуться;2
цинковый;2
ванна;2
пламя;2
одиннадцать;2
убитый;2
смять;2
течь;2
тоненький;2
наполнить;2
ходуном;2
скверный;2
незаметно;2
сосуд;2
привезти;2
твёрдый;2
значок;2
академия;2
рассказать;2
жаться;2
сердюк;2
потоптаться;2
торопливо;2
вслед;2
мягко;2
письменный;2
тумба;2
разбудить;2
шататься;2
гостиный;2
редко;2
свесить;2
точка;2
дума;2
зыбкий;2
полчаса;2
крышка;2
строгий;2
противно;2
неизвестность;2
аккуратный;2
шашка;2
дальний;2
пассажирский;2
состав;2
германия;2
выражаться;2
шёпот;2
оставлять;2
масса;2
петербург;2
коридор;2
комитет;2
иной;2
чудесный;2
солдатский;2
заявить;2
ибо;2
степень;2
кровопролитие;2
выгнать;2
авантюрист;2
шрапнельный;2
пуля;2
обратно;2
убивать;2
перпилло;2
цирк;2
шар;2
купол;2
выбирать;2
отгородить;2
давиться;2
разговор;2
особенность;2
появляться;2
прибалтийский;2
уста;2
иван;2
век;2
определённый;2
зигзаг;2
тщетно;2
угадать;2
осветить;2
салон;2
также;2
статья;2
удаться;2
превратиться;2
порядок;2
дивизия;2
девичий;2
покраснеть;2
чувство;2
размышление;2
нежность;2
сильный;2
анна;2
розовый;2
пианино;2
закорючка;2
густой;2
валентин;2
сжалиться;2
свойственный;2
аккорд;2
услышать;2
аккомпанемент;2
ложе;2
окрасить;2
вежливый;2
гордость;2
беспокойно;2
документ;2
марка;2
сверху;2
пятый;2
грохотать;2
пробежать;2
граница;2
массивный;2
запаковать;2
стрелочник;2
мотать;2
сноп;2
наполниться;2
тянуть;2
настать;2
бормотание;2
з;2
тишина;2
грызло;2
костлявый;2
прохладный;2
сырой;2
чрезвычайно;2
царевна;2
зонтик;2
почерк;2
карточка;2
лопнуть;2
держаться;2
стенка;2
наплевать;2
вопль;2
домовый;2
внимательно;2
потрогать;2
цепочка;2
английский;2
булавка;2
приложить;2
достать;2
клей;2
кусок;2
всмотреться;2
влезть;2
ножичек;2
дверца;2
открытый;2
выглянуть;2
перевязать;2
сукно;2
полбукетик;2
квадратик;2
скомкать;2
оборванный;2
сугроб;2
провалиться;2
переулок;2
съесть;2
державноi;2
скарбницi;2
50;2
селянка;2
серп;2
овальный;2
украински;2
директор;2
медный;2
ii;2
чугунный;2
мыло;2
ласково;2
станислав;2
золото;2
конногвардеец;2
катеринка;2
кольцо;2
20;2
бревно;2
балка;2
побледнеть;2
злобно;2
качать;2
несомненно;2
разговаривать;2
фальшивый;2
смех;2
плесень;2
приехать;2
тушинский;2
вор;2
плюнуть;2
выстрелить;2
единственный;2
знамя;2
застеклить;2
лимон;2
крошка;2
кукла;2
качаться;2
профиль;2
ёж;2
рассмеяться;2
сенегалец;2
талантливый;2
отъезд;2
бешеный;2
степанов;2
артиллерист;2
столкнуться;2
подъезд;2
кроме;2
новость;2
выходить;2
командир;2
малышев;2
отчаяние;2
дурацкий;2
наверху;2
карасев;2
наглый;2
чудовищный;2
эпиталама;2
театральный;2
держать;2
немного;2
благополучно;2
сербский;2
вопрос;2
угодный;2
выслушать;2
глотка;2
здоровье;2
платок;2
припасть;2
кривая;2
принц;2
клинок;2
дамасский;2
ремень;2
стыдно;2
жаркое;2
берлин;2
издеваться;2
запретить;2
формирование;2
существовать;2
кот;2
беспокоиться;2
рядовой;2
закашляться;2
устроить;2
проклятый;2
позавчера;2
курицький;2
прошлое;2
ядовито;2
жалко;2
вчера;2
верхушка;2
корпус;2
набрать;2
гимназист;2
троцкий;2
момент;2
речь;2
опасный;2
кормить;2
ошибка;2
план;2
гвоздь;2
указать;2
флаг;2
опоздать;2
искренне;2
оправиться;2
александрович;2
гробовой;2
ошеломить;2
качнуться;2
крепиться;2
н;2
свита;2
понятие;2
интерес;2
ездить;2
общество;2
легенда;2
история;2
наследник;2
воздух;2
гувернёр;2
виноватый;2
смятение;2
горький;2
завопить;2
бо;2
просачиваться;2
выплывать;2
волна;2
колокол;2
цыганский;2
шевелить;2
вера;2
власть;2
артист;2
уборная;2
плясать;2
рвать;2
поддерживать;2
мучительный;2
угасать;2
колка;2
тошный;2
шаркать;2
танцевать;2
неудобно;2
уметь;2
витька;2
бросить;2
нашатырный;2
воспалить;2
синеватый;2
локоть;2
пробор;2
подушка;2
ручка;2
повод;2
погаснуть;2
между;2
лиза;2
пиковый;2
приготовить;2
босой;2
погрузить;2
вытертый;2
храп;2
полюбить;2
удерживать;2
расстёгивать;2
лишний;2
бремя;2
сновидение;2
целый;2
бесчисленный;2
сбить;2
ряд;2
ровный;2
скат;2
воротник;2
раскинуться;2
повсюду;2
подниматься;2
порою;2
царский;2
высота;2
круглый;2
стеклянный;2
сплошной;2
человечество;2
светиться;2
владимир;2
находить;2
холодно;2
мост;2
стреловидный;2
прибегать;2
повториться;2
исконный;2
житель;2
пришелец;2
покинуть;2
приказчик;2
промышленник;2
купец;2
адвокат;2
трусливый;2
кокотка;2
честной;2
поэт;2
наполняться;2
богатый;2
торговать;2
кафе;2
кофе;2
наиболее;2
актёр;2
столица;2
тарелка;2
прах;2
фельетон;2
личность;2
соловей;2
свистать;2
лихач;2
золотистый;2
напирать;2
лак;2
государственный;2
девка;2
штаны;2
польша;2
тевтон;2
франция;2
тосковать;2
кордон;2
страшно;2
успокаиваться;2
полк;2
мундир;2
колючий;2
затылок;2
запад;2
взор;2
среди;2
отдыхать;2
потревожить;2
вместить;2
армейский;2
штабс;2
развалиться;2
прапорщик;2
рана;2
горячий;2
штатский;2
состояться;2
юмор;2
грабить;2
продолжаться;2
вечно;2
неразумный;2
пешка;2
король;2
ферзь;2
тыл;2
гром;2
вновь;2
печерск;2
склад;2
газа;2
следствие;2
шпион;2
эйхгорн;2
разумеется;2
германец;2
породить;2
раненько;2
подземелье;2
сирена;2
бидон;2
воскликнуть;2
сладкий;2
хлопнуть;2
чи;2
сладостный;2
сентябрь;2
камера;2
узник;2
симона;2
изделие;2
кальян;2
подобный;2
земский;2
земгусар;2
коленкор;2
вечеринка;2
песня;2
путать;2
народный;2
учитель;2
18;2
четыреста;2
вокруг;2
неутолённый;2
лейтенантский;2
расписка;2
добродушный;2
пан;2
увы;2
загудеть;2
100;2
десятина;2
городишко;2
лишать;2
разум;2
лата;2
связать;2
поверженный;2
линять;2
дырявый;2
гад;2
кольчуга;2
бригада;2
теперича;2
подойти;2
гармоника;2
чистота;2
й;2
приказать;2
смущённый;2
пущать;2
однако;2
неизвестный;2
хор;2
видимо;2
невидимый;2
помещение;2
смутиться;2
казарма;2
дурак;2
одинаковый;2
напоминать;2
дегтяренко;2
ежели;2
литрес;2
карта;2
булгаков;3
10;3
класс;3
задыхаться;3
кровавый;3
капитанский;3
дочка;3
1;3
рождество;3
второй;3
зима;3
стрела;3
молодой;3
светлый;3
дочь;3
неделя;3
родный;3
тело;3
подол;3
николай;3
наглухо;3
печаль;3
церковный;3
анюта;3
вырасти;3
никола;3
бок;3
загадочный;3
старик;3
происходить;3
закопать;3
изразцовый;3
пыхать;3
саардамский;3
плотник;3
гавот;3
разноцветный;3
бой;3
покупать;3
остаться;3
бессмертный;3
мудрый;3
ковёр;3
пёстрый;3
шёлковый;3
молвить;3
живить;3
рассвет;3
север;3
перестать;3
начинаться;3
становиться;3
упасть;3
потухнуть;3
печь;3
вскоре;3
задуматься;3
закрыть;3
священник;3
кабинетик;3
забормотать;3
беседовать;3
божий;3
страница;3
река;3
кровь;3
2;3
этаж;3
дворик;3
засыпать;3
гигантский;3
сильно;3
весело;3
замок;3
замечательный;3
следующий;3
рисунок;3
подпись;3
улан;3
банда;3
краска;3
папаха;3
влюбиться;3
здравствовать;3
недаром;3
январь;3
назад;3
туманно;3
унтер;3
шеврон;3
формироваться;3
четвёртый;3
ать;3
александровский;3
форменный;3
поделать;3
па;3
показаться;3
взгляд;3
волноваться;3
прислушаться;3
убедиться;3
подняться;3
окошко;3
близко;3
черно;3
испуганный;3
чувствовать;3
поехать;3
хватать;3
матовый;3
коварный;3
еленин;3
ломтик;3
масло;3
прозрачный;3
продолговатый;3
б;3
петух;3
команда;3
лгать;3
лично;3
чай;3
линия;3
станция;3
революционный;3
поглядеть;3
полок;3
обещать;3
лестница;3
прозвучать;3
приклад;3
штык;3
подбородок;3
кобура;3
поцеловать;3
застонать;3
ключ;3
колено;3
носка;3
плакать;3
полезть;3
запрыгать;3
кончить;3
гнусный;3
твой;3
кавалергард;3
называться;3
брань;3
махнуть;3
надежда;3
наступление;3
смыться;3
машина;3
адъютант;3
ждать;3
нету;3
ночью;3
спасти;3
крайний;3
мера;3
утром;3
двести;3
белградский;3
ужаснуться;3
достоевский;3
подпоручик;3
красин;3
сани;3
везти;3
почувствовать;3
сдобный;3
здорово;3
офицернить;3
тэк;3
нравиться;3
найтись;3
делаться;3
число;3
купе;3
вылезти;3
внезапно;3
теплушка;3
представиться;3
мозг;3
пронизать;3
министерство;3
главный;3
причина;3
генеральный;3
ясно;3
ясный;3
университет;3
улыбнуться;3
возможно;3
чей;3
вероятно;3
покоситься;3
возвышаться;3
пол;3
молча;3
шкаф;3
серо;3
фон;3
пошлый;3
март;3
известие;3
член;3
петров;3
фронт;3
ведущий;3
рыжий;3
металлический;3
сизый;3
лист;3
апрель;3
народ;3
боевой;3
форма;3
серёжа;3
грозить;3
будущее;3
прямой;3
имя;3
край;3
правда;3
дон;3
рухнуть;3
попросить;3
выдержать;3
тихо;3
показать;3
фауст;3
дрогнуть;3
попасть;3
вбок;3
злоба;3
3;3
проклинать;3
глубоко;3
находиться;3
тесно;3
многие;3
упор;3
домовладелец;3
явственно;3
страх;3
получить;3
сахар;3
спина;3
слышаться;3
свист;3
отправиться;3
плед;3
аккуратно;3
разрез;3
вскрыть;3
течение;3
глубина;3
звенящий;3
полоска;3
лечь;3
спрятать;3
волчий;3
темнота;3
крап;3
селянин;3
конный;3
мощный;3
серебряный;3
труба;3
завтра;3
сонный;3
пот;3
вскочить;3
немыслимо;3
гвардейский;3
школа;3
пустить;3
защита;3
слышный;3
букет;3
чертовый;3
голый;3
дивизион;3
важный;3
живот;3
формировать;3
каналья;3
ноябрь;3
мобилизация;3
объяснить;3
конченый;3
нужный;3
железный;3
торжественно;3
владимирский;3
величество;3
царствовать;3
напрасно;3
русь;3
возвращаться;3
ц;3
висеть;3
спирт;3
отчаянный;3
постель;3
диван;3
предшествовать;3
мех;3
дама;3
лента;3
одиночество;3
брак;3
уважение;3
захотеть;3
поцеловаться;3
малый;3
честь;3
явиться;3
кошмар;3
винт;3
дымка;3
огромный;3
миллион;3
великий;3
каменный;3
видный;3
банкир;3
избрание;3
открыться;3
купить;3
клуб;3
табачный;3
французский;3
печать;3
игрок;3
приходить;3
проходить;3
увидать;3
мясо;3
оставаться;3
наименование;3
гражданин;3
горожанин;3
выучить;3
некий;3
проснуться;3
окровавленный;3
лысый;3
потечь;3
второе;3
сияние;3
молоко;3
выпустить;3
ай;3
симон;3
секрет;3
дунька;3
перекоп;3
семья;4
метель;4
закричать;4
солнце;4
наступить;4
счастие;4
мама;4
сын;4
поход;4
блестеть;4
лиловый;4
кованый;4
бровь;4
растерянно;4
печальный;4
ответ;4
давно;4
ныне;4
носить;4
мелькнуть;4
пропасть;4
блестящий;4
сокол;4
михаилович;4
берег;4
чашка;4
портьера;4
семь;4
пыльный;4
трудный;4
двадцать;4
восемь;4
тридцать;4
половина;4
перебить;4
плохой;4
умирать;4
трудно;4
неизвестно;4
пачка;4
уверенный;4
сахарный;4
шапка;4
веранда;4
турбинский;4
послать;4
мало;4
вечер;4
нести;4
союзник;4
леонид;4
юриевич;4
ужасный;4
нежный;4
любить;4
толстый;4
похожий;4
таки;4
бритый;4
25;4
мягкий;4
тревожный;4
штора;4
колонна;4
чепуха;4
остановиться;4
погодить;4
положить;4
гостиная;4
настоящий;4
хотеться;4
стекло;4
должный;4
поздний;4
молчание;4
самовар;4
вид;4
бел;4
иначе;4
роза;4
красота;4
пожалуй;4
прядь;4
погубить;4
мрак;4
читать;4
стрелка;4
четверть;4
неожиданно;4
бант;4
войти;4
вздохнуть;4
тотчас;4
слава;4
холод;4
башлык;4
винтовка;4
лоб;4
маузер;4
деревянный;4
лишь;4
узкий;4
лёгкий;4
сорочка;4
ладонь;4
стихнуть;4
халат;4
стараться;4
шесть;4
смена;4
понятный;4
решить;4
оттуда;4
свинья;4
кричать;4
царство;4
камень;4
счёт;4
прислать;4
снаряд;4
сила;4
штабной;4
вести;4
впрочем;4
слой;4
человеческий;4
сорок;4
дорога;4
связь;4
иметь;4
нечего;4
известный;4
действительно;4
однажды;4
гость;4
месяц;4
старый;4
крупный;4
хорошо;4
пробраться;4
фамилия;4
тряпка;4
дзинь;4
прыгать;4
далее;4
долго;4
супруг;4
спасть;4
крещатик;4
помощь;4
вниз;4
признак;4
именно;4
вверх;4
фальшуванний;4
дорогой;4
равно;4
базар;4
мутный;4
ра;4
драться;4
ур;4
вздор;4
петербургский;4
шпор;4
страна;4
солнечный;4
ресторан;4
помещик;4
невозможно;4
чужой;4
сотня;4
стрельба;4
умный;4
грудь;4
сверкнуть;4
разучить;4
союз;4
бронный;4
реформа;4
похоже;4
облако;4
докладывать;4
гвардия;5
сквозь;5
часть;5
мгновение;5
небо;5
снежный;5
море;5
беда;5
мёртвый;5
начало;5
революция;5
декабрь;5
дед;5
тяжкий;5
добрый;5
май;5
дерево;5
александр;5
шея;5
мрачно;5
крест;5
лежать;5
печка;5
жар;5
бронзовый;5
бить;5
нибыть;5
изразец;5
кровать;5
поле;5
оставить;5
начаться;5
кругом;5
грозный;5
главное;5
посмотреть;5
двор;5
воля;5
кончиться;5
больший;5
уютный;5
обвиснуть;5
дрова;5
чёрт;5
сесть;5
номер;5
разный;5
сволочь;5
писать;5
френч;5
нежно;5
офицерский;5
дружина;5
несмотря;5
прекрасно;5
бросать;5
здравствуйте;5
училище;5
ползти;5
рыжеватый;5
поднять;5
ой;5
быстро;5
встать;5
странно;5
значит;5
пора;5
поэтому;5
кухня;5
прекрасный;5
покой;5
гм;5
подумать;5
напасть;5
оказаться;5
вовсе;5
помочь;5
слеза;5
гордый;5
рот;5
белые;5
забыть;5
ох;5
холодный;5
тепло;5
снять;5
щеткина;5
приезжать;5
ум;5
деревня;5
представить;5
бегать;5
глянуть;5
сразу;5
конь;5
паровоз;5
деньга;5
конвой;5
книжный;5
простой;5
оба;5
чемодан;5
мужицкий;5
большевистский;5
весёлый;5
пятьдесят;5
язык;5
фонарь;5
бледный;5
мышь;5
вместо;5
щель;5
лебiдь;5
юрчик;5
тюрьма;5
извозчик;5
вечером;5
бывший;5
театр;5
уехать;5
паника;5
императорский;5
продолжать;5
кит;5
вильгельм;5
появиться;5
мир;5
николаевский;5
греметь;5
для;5
произвести;5
турок;5
рай;5
дуня;5
поп;5
судьба;6
сделаться;6
1918;6
мохнатый;6
смерть;6
правый;6
совсем;6
женщина;6
сад;6
абажур;6
врач;6
муж;6
тем;6
удар;6
днепр;6
выть;6
вьюга;6
прийтись;6
сумерки;6
тяжёлый;6
нельзя;6
хотя;6
вода;6
василий;6
глубокий;6
синий;6
всякий;6
право;6
тонк;6
танк;6
треня;6
ка;6
рота;6
слышать;6
темно;6
сей;6
туда;6
узнать;6
десять;6
молчать;6
верный;6
магазин;6
хлеб;6
мерзавец;6
неужели;6
отвечать;6
пьяный;6
тонкий;6
чистый;6
откуда;6
тогда;6
отойти;6
цепь;6
вместе;6
най;6
турс;6
сухой;6
волос;6
сиять;6
тоже;6
слушать;6
вечный;6
ящик;6
более;6
корень;6
обои;6
прямо;6
звук;6
жена;6
строй;6
бумажка;6
смутный;6
рядом;6
надо;6
стакан;6
победить;6
князь;6
сообщить;6
ненависть;6
государь;6
спать;6
жёлтый;6
городской;6
луч;6
видение;6
шомпол;6
пётр;6
просто;7
ребёнок;7
исчезнуть;7
звезда;7
капитан;7
всегда;7
спальня;7
рукав;7
таинственный;7
земля;7
восемнадцатый;7
казаться;7
лес;7
последний;7
нижний;7
лисович;7
видно;7
друг;7
про;7
женский;7
го;7
ходить;7
мрачный;7
пулемёт;7
шаг;7
сто;7
хоть;7
тревога;7
знаменитый;7
тень;7
можно;7
поезд;7
наконец;7
почему;7
немецкий;7
называть;7
стоить;7
заговорить;7
передний;7
дверь;7
фигура;7
шинель;7
красивый;7
бутылка;7
трактир;7
таз;7
чуть;7
утро;7
заснуть;7
лошадь;7
взрыв;7
уходить;7
широкий;7
улыбаться;7
ужас;7
произойти;7
шаровары;7
кой;7
бояться;7
угол;7
дух;7
лейтенант;7
тайник;7
изволить;7
дым;7
ладный;7
студент;7
бормотать;7
сердце;7
эскадрон;7
мужик;7
явдоха;7
апостол;7
война;8
лето;8
наш;8
отец;8
сапог;8
длинный;8
смотреть;8
много;8
гореть;8
плечо;8
словно;8
место;8
жить;8
глухо;8
спросить;8
кресло;8
генерал;8
немой;8
брать;8
ус;8
сторона;8
новый;8
пока;8
известно;8
событие;8
палец;8
далеко;8
стул;8
тьма;8
поручик;8
щека;8
баба;8
газета;8
крикнуть;8
пятно;8
делать;8
или;8
гусар;8
пост;8
путь;8
грохот;8
э;8
военный;8
десятка;8
знамение;8
россия;9
мороз;9
сверкать;9
сергей;9
василиевич;9
нос;9
громадный;9
четыре;9
верхний;9
опять;9
слух;9
будто;9
петь;9
несколько;9
полка;9
потолок;9
губа;9
повесить;9
пусть;9
вагон;9
полковник;9
понимать;9
тысяча;9
куда;9
убить;9
пройти;9
оперетка;9
московский;9
ванда;9
пить;9
император;9
капор;9
мысль;9
пойти;10
тёмный;10
огонь;10
играть;10
пахнуть;10
зелёный;10
сделать;10
третий;10
сегодня;10
электрический;10
погон;10
стрелять;10
перед;10
спрашивать;10
серый;10
странный;10
затем;10
зуб;10
никто;10
простыня;10
радость;10
уйти;10
никогда;10
бумага;10
выйти;11
турбин;11
жизнь;11
чем;11
далёкий;11
взять;11
хотеть;11
никакой;11
верста;11
ехать;11
гетманский;11
верно;11
ах;11
ответить;11
позволить;11
начать;11
штаб;11
есть;11
вино;11
ненавидеть;11
книга;12
дело;12
стоять;12
вернуться;12
николкина;12
лампа;12
здесь;12
сидеть;12
квартира;12
инженер;12
верить;12
юнкер;12
начинать;12
пушка;12
уж;12
украинский;12
каждый;12
понять;12
сон;12
пять;12
снег;13
голубой;13
конец;13
стена;13
совершенно;13
глядеть;13
оно;13
при;13
случай;13
германский;13
бежать;13
доктор;13
теперь;14
дом;14
столовая;14
часы;14
полный;14
стол;14
конечно;14
брат;14
другой;14
армия;14
водка;14
туман;14
вахмистр;14
после;15
иванович;15
золотой;15
гора;15
гитара;15
мой;15
господь;15
без;15
душа;15
русский;16
мать;16
нужно;16
ночь;16
ничего;16
три;16
ваш;16
москва;16
вдруг;17
маленький;17
прийти;17
потом;17
минута;17
дать;17
старший;18
украина;18
самый;18
если;18
комната;18
раз;18
большевик;18
карась;18
потому;18
жилин;18
страшный;19
черта;19
нога;19
сейчас;19
хороший;20
ли;20
господин;20
ж;20
время;21
большой;21
эх;21
улица;21
час;21
первый;22
чтобы;22
видеть;22
лицо;23
голос;23
думать;23
очень;23
даже;23
красный;24
шервинский;24
через;25
слово;25
петлюр;25
офицер;25
день;26
алексей;26
окно;26
стать;26
над;27
там;27
голова;27
гетман;27
ещё;28
тут;28
белый;29
идти;29
себя;29
один;30
бог;31
свет;31
кто;31
год;32
рука;32
чёрный;33
только;33
уже;33
ведь;34
нет;34
мочь;36
до;37
свой;37
о;37
где;37
да;39
человек;39
какой;39
ни;40
два;41
немец;41
от;42
когда;43
мышлаевский;43
ну;44
который;45
мы;45
василиса;45
вы;46
под;47
такой;47
знать;48
турбина;49
бы;49
сказать;49
весь;50
глаз;51
этот;51
вот;53
николка;54
так;56
тот;57
она;58
ты;61
тальберг;62
говорить;71
из;71
к;72
елена;74
за;75
сам;78
всё;83
город;85
но;86
по;86
же;91
у;96
то;100
я;112
они;121
это;121
как;130
быть;188
а;197
он;204
что;206
с;248
не;272
на;313
в;622
и;847
