своеобразный;1
призма;1
восприятие;1
водоворот;1
гражданский;1
обретать;1
эпический;1
интеллигенция;1
отголосок;1
посвящаться;1
евгениевич;1
белозерский;1
хлопья;1
смешаться;1
барин;1
ямщик;1
судить;1
сообразно;1
христов;1
пастушеский;1
венера;1
крепкий;1
ёлочный;1
королева;1
повенчаться;1
снести;1
крутой;1
взвоз;1
отпевать;1
залепить;1
стрельчатый;1
смущение;1
спотыкаться;1
искриться;1
золотенький;1
дьякон;1
рант;1
оглушить;1
святитель;1
посадить;1
птичий;1
убито;1
иконостас;1
тонуть;1
свод;1
алтарь;1
возноситься;1
моргать;1
несправедливость;1
понадобиться;1
отнять;1
съехаться;1
улетать;1
потрескаться;1
отпеть;1
паперть;1
греть;1
растить;1
крошечный;1
читаться;1
хвоя;1
парафин;1
стенной;1
смешной;1
пузырчатый;1
чудом;1
грустно;1
заткнуть;1
голландский;1
живительный;1
мебель;1
бархат;1
шишечка;1
малиновый;1
людовик;1
xiv;1
нежиться;1
озеро;1
турецкий;1
завитушка;1
мерещиться;1
бреда;1
шкап;1
шоколад;1
наташа;1
ростовый;1
золочёный;1
портрет;1
вырастить;1
слабеть;1
плачущий;1
дружно;1
семнадцать;1
переставать;1
думаться;1
писаться;1
шоколадный;1
погромыхивать;1
утроба;1
щетинистый;1
похороны;1
забывать;1
наладить;1
сидя;1
домишко;1
тесный;1
спутать;1
сирень;1
унывать;1
наложить;1
выпростать;1
ряска;1
заложить;1
вышитый;1
цветной;1
закладка;1
допускать;1
убедительно;1
грех;1
богословский;1
ангел;1
подходить;1
отсвет;1
постройка;1
изумительный;1
покатый;1
крутый;1
лапчатый;1
сарайчик;1
подвальный;1
трус;1
буржуй;1
несимпатичный;1
николкин;1
фонарик;1
обшивка;1
содрать;1
прибить;1
подстрелить;1
сапожник;1
ржавый;1
осыпаться;1
саардама;1
притронуться;1
значение;1
выручка;1
детство;1
чернила;1
сок;1
васильный;1
аида;1
бельэтаж;1
некрасивый;1
застрелиться;1
самодержавие;1
июнь;1
баркарола;1
бородин;1
печатный;1
приказывать;1
посторонний;1
расстрел;1
подольский;1
район;1
портной;1
абрам;1
пружинер;1
30;1
разрисовать;1
светловолосый;1
октябрь;1
рейтузы;1
скамеечка;1
подруга;1
неопределённо;1
толком;1
нашивка;1
остроуглый;1
трехцветный;1
отдел;1
задёрнуть;1
согревать;1
рождать;1
истый;1
тянуться;1
фасонный;1
бескозырка;1
тонный;1
подпевать;1
зажигаться;1
огонёк;1
жила;1
тихонечко;1
сыпать;1
облупить;1
животик;1
осадить;1
испугаться;1
богородицкий;1
зора;1
туманиться;1
пудрить;1
позор;1
раздвинуть;1
просвет;1
подпеть;1
бу;1
кряхтеть;1
наткнуться;1
напряжённый;1
святошин;1
святошина;1
шпингалет;1
прижать;1
вылезть;1
тащить;1
фигурный;1
колоннок;1
праздничный;1
сервиз;1
томление;1
крахмальный;1
прочность;1
подступ;1
приношение;1
поклонник;1
конфетный;1
маркиз;1
ниццкай;1
флора;1
узор;1
колбаса;1
маслёнка;1
сухарница;1
пила;1
фраж;1
чайник;1
гарусный;1
уныло;1
денежный;1
бутерброд;1
остывать;1
сан;1
франциско;1
затуманить;1
океан;1
выдерживать;1
переползать;1
бурчать;1
обкусывать;1
предположительно;1
упрямо;1
щеглов;1
мыслимый;1
подпустить;1
прохвост;1
ужиться;1
абсурд;1
разложение;1
апсольман;1
соблюдать;1
уверить;1
выдумывать;1
подлость;1
подлый;1
игра;1
хвалёный;1
уголёк;1
вывалиться;1
солидно;1
хрипнуть;1
пробить;1
заливистый;1
отворять;1
порозоветь;1
переваливаться;1
впустить;1
защитный;1
поручичий;1
химический;1
заиндеветь;1
распутать;1
блин;1
фуражка;1
привлекательный;1
порода;1
вырождение;1
смелый;1
горбинка;1
приспустить;1
косовато;1
скульптор;1
фантазия;1
откусить;1
мужественный;1
неправильный;1
горлышко;1
покачнуть;1
стойка;1
олений;1
рог;1
лена;1
ночевать;1
подуть;1
поседеть;1
иней;1
бархатка;1
расстегнуть;1
пройтись;1
полно;1
кишеть;1
засуетиться;1
забегать;1
стягивать;1
щегольский;1
размотаться;1
пятнистый;1
портянка;1
дохнуть;1
вошь;1
батистовый;1
перекрещённый;1
подтяжка;1
штрипка;1
посинеть;1
зашлёпать;1
зашарить;1
грозна;1
наст;1
подлец;1
полушубок;1
алёнка;1
передразнить;1
вален;1
взрезать;1
слезливый;1
кабак;1
корчиться;1
денатурат;1
винный;1
стаканчик;1
приморозить;1
корточки;1
натягивать;1
негнущийся;1
купальный;1
расцвести;1
скосить;1
похабный;1
обложить;1
площадной;1
согреваться;1
рычать;1
погнать;1
сутки;1
саженый;1
кура;1
ошалевать;1
ата;1
рок;1
лахудра;1
перекосить;1
сюсюкать;1
оправдать;1
доверие;1
гибнуть;1
неприятель;1
костёр;1
разжечь;1
вскинуть;1
искушение;1
волк;1
зарыться;1
нарыть;1
каюк;1
забухать;1
пуд;1
поздравлять;1
стянуть;1
маленько;1
перекликаться;1
сбиться;1
куча;1
отходить;1
греться;1
серебрянка;1
орава;1
визит;1
связишка;1
обкатить;1
довести;1
расточиться;1
мужичка;1
посасывать;1
поздравить;1
резать;1
попелюха;1
попереть;1
деревушка;1
вымереть;1
тулуп;1
клюка;1
богоносный;1
хрен;1
возликовать;1
голосок;1
дид;1
угнать;1
мигнуть;1
дэж;1
вси;1
хлопци;1
ляпнуть;1
петлюровец;1
остервениться;1
манишка;1
стерва;1
землепашец;1
сеятель;1
хранитель;1
обвал;1
спустить;1
ругательство;1
прозреть;1
орать;1
це;1
сдуру;1
зараз;1
тилька;1
вбивать;1
розвальни;1
непостижимо;1
насчитать;1
неразвёрнутый;1
некуда;1
деть;1
перевязочный;1
летучка;1
свалить;1
озвереть;1
петлюровский;1
холуй;1
денщицкий;1
пускать;1
сплять;1
велено;1
двина;1
горошек;1
заегозить;1
вестовый;1
щи;1
разместить;1
п;1
отдых;1
геройство;1
потеря;1
жертва;1
измучиться;1
клюнуть;1
отряд;1
свезти;1
отделаться;1
командировать;1
картузов;1
окоченелый;1
выронить;1
захрапеть;1
растерять;1
озабоченно;1
мыться;1
ситцевый;1
занавеска;1
метаться;1
наколоть;1
берёза;1
кухонный;1
часишко;1
настучать;1
полумгла;1
звоночек;1
затрепетать;1
яркий;1
забить;1
затикать;1
клиновидный;1
свадьба;1
образоваться;1
двухслойный;1
скрытый;1
поджарый;1
поворачиваться;1
часами;1
благосклонно;1
благосклонность;1
сказаться;1
шмыгнуть;1
медленно;1
провинция;1
мертво;1
храпеть;1
вряд;1
разложиться;1
взмахивать;1
слазить;1
выразительно;1
пастушка;1
фронтон;1
неимоверный;1
зацепиться;1
прижаться;1
безобидно;1
бухать;1
подурнеть;1
неумолимо;1
помириться;1
патентованный;1
постарелый;1
неверный;1
разорить;1
матросский;1
дыбом;1
похудеть;1
складка;1
вкладывать;1
ковырять;1
хаос;1
укладка;1
сдёрнуть;1
сдёргивать;1
священный;1
убегать;1
крысий;1
побежка;1
попирать;1
застегнуть;1
наушник;1
гусеница;1
буссова;1
тривиальный;1
широченный;1
кирпичный;1
раздражительный;1
разрозненный;1
равнина;1
шеренга;1
предохранять;1
дохлятина;1
притащиться;1
сметь;1
опаска;1
неуверенный;1
грамматический;1
упражнение;1
отпечатать;1
дешёвый;1
книжонка;1
игнатий;1
грамматика;1
арена;1
гетьманский;1
гетьмана;1
презрительно;1
политика;1
бестактно;1
показываться;1
расставить;1
искорка;1
мода;1
припухнуть;1
средний;1
придворный;1
составлять;1
гороскоп;1
предсказывать;1
неподходящий;1
неудачливый;1
проделывать;1
стручок;1
болтаться;1
диктовать;1
писарь;1
разбираться;1
перу;1
скитание;1
румыния;1
крым;1
бусс;1
содействие;1
ценить;1
оккупация;1
карьера;1
деникин;1
тронутый;1
предавать;1
предаваться;1
целовать;1
всплакнуть;1
партитура;1
нотный;1
рыжебородый;1
молить;1
охранить;1
сентиментальный;1
запомниться;1
истрепать;1
каватина;1
всесильный;1
зазвучать;1
клавиша;1
рампа;1
промолчать;1
младший;1
просительно;1
помяться;1
карманный;1
притянуть;1
перекрестить;1
уколоть;1
щётка;1
проверить;1
напряжённо;1
громыхание;1
свеситься;1
перила;1
хохол;1
порожний;1
товарный;1
поддувать;1
жаба;1
бронепоезд;1
гвалт;1
возбуждать;1
обмёрзнуть;1
следом;1
тумбовидный;1
часовой;1
стык;1
пульман;1
волочь;1
провыть;1
чехол;1
немецк;1
ja;1
пожёвывать;1
сигара;1
закрыться;1
монотонный;1
дорожный;1
откинуть;1
ю;1
беспорядочно;1
домохозяин;1
деловитый;1
корка;1
сыр;1
скупость;1
ревнивый;1
спаленка;1
бодрствовать;1
занавесить;1
стоячий;1
изображать;1
красить;1
двойственность;1
сталкиваться;1
исключительно;1
сменить;1
чёткий;1
будущий;1
ответственность;1
анкета;1
справка;1
ордер;1
лис;1
бесстрашный;1
василисиный;1
вначале;1
тринадцатый;1
рекомендоваться;1
редкий;1
скрип;1
полоз;1
запор;1
болт;1
крюк;1
цыпочки;1
засучить;1
банк;1
скатать;1
ножницы;1
щиток;1
завесить;1
заботливо;1
оправить;1
вертикально;1
подсунуть;1
тайничок;1
изготовить;1
пластинка;1
пакет;1
газетный;1
похоронить;1
кроить;1
вырезать;1
клейстер;1
вдохновенно;1
печурка;1
остаток;1
размешать;1
безлюдный;1
слезть;1
жадно;1
наблюдать;1
предательский;1
навлечь;1
прыгнуть;1
замелить;1
тарас;1
бульб;1
пушистый;1
игральный;1
карбованцiть;1
нарiвнi;1
кредитовими;1
бiгод;1
вооружённый;1
оборот;1
рамка;1
увеличить;1
красноватый;1
червячок;1
предостерегать;1
караеться;1
тюрма;1
трепан;1
бакенбарда;1
раздражённо;1
произведение;1
лебiдить;1
чиновник;1
предок;1
корешок;1
гончаров;1
брокгауз;1
ефрон;1
уют;1
пятипроцентный;1
прочно;1
15;1
николаев;1
брошь;1
ложка;1
сослуживец;1
солонка;1
футляр;1
ситечко;1
меловой;1
метка;1
эйнемовский;1
печение;1
клеёнка;1
просмолить;1
аршин;1
северо;1
восток;1
щипец;1
183;1
0;1
процентный;1
текущий;1
расход;1
слюнить;1
боговдохновенный;1
заворчать;1
убойно;1
опечалиться;1
девятый;1
подряд;1
запятая;1
лебiдевский;1
просвечивать;1
обратный;1
отложить;1
предназначить;1
вверху;1
мочальный;1
граммофонный;1
ворчливый;1
скука;1
отмычка;1
валет;1
трудящийся;1
кулёк;1
сухарь;1
необычайный;1
гитарный;1
мощность;1
страсть;1
отказать;1
забарахтаться;1
яростный;1
люстра;1
белизна;1
тепличный;1
лафитный;1
излом;1
ваз;1
юмористический;1
остров;1
беспричинный;1
страумие;1
ар;1
арбуз;1
американец;1
завеса;1
игривый;1
брейтмана;1
острота;1
рожать;1
овца;1
брезент;1
родзянко;1
тупеть;1
председательский;1
противоположный;1
усталость;1
стужа;1
грань;1
лейба;1
уланский;1
белоруков;1
гимназический;1
укладистый;1
свёртка;1
нагрузить;1
занятие;1
пёс;1
приползти;1
мортирный;1
студенческий;1
сгеройствовать;1
ан;1
рама;1
припудрить;1
ничтожество;1
выутюжить;1
мячик;1
исчезновение;1
розоватый;1
ураган;1
гименея;1
норма;1
сцена;1
la;1
scala;1
жмеринка;1
графиня;1
лендриков;1
fa;1
lа;1
тактовый;1
деникинский;1
квартирьер;1
послезавтра;1
бурый;1
одесский;1
порт;1
разгружаться;1
транспорт;1
грек;1
сенегал;1
застрелить;1
окончательный;1
подарить;1
стейер;1
воронёный;1
дуть;1
хищный;1
заплакать;1
неловко;1
замерзать;1
обучить;1
сингалёз;1
помёрзнуть;1
климат;1
миленький;1
хай;1
жив;1
вильно;1
полгода;1
терроризировать;1
мразь;1
поперёк;1
сеять;1
хладнокровно;1
обозлиться;1
накипеть;1
осточертеть;1
огурец;1
бурно;1
задохся;1
колотить;1
скрепить;1
гимназия;1
ура;1
разучиться;1
курицкий;1
треск;1
захохотать;1
водиться;1
участок;1
валютчик;1
грыжа;1
братец;1
кофейня;1
шептаться;1
швах;1
ломать;1
украинизация;1
пятидесятитысячный;1
отборный;1
малороссия;1
прихлопнуть;1
кошка;1
жрать;1
вылетать;1
брызги;1
слюна;1
министр;1
оборона;1
иронически;1
митинг;1
незаменимый;1
оратор;1
остряк;1
неправда;1
тоненько;1
выкликнуть;1
столковаться;1
лопать;1
подавиться;1
удержать;1
х;1
дипломат;1
элемент;1
балакать;1
мов;1
процент;1
девяносто;1
роль;1
бродить;1
утихомирить;1
развеваться;1
трехцветной;1
поправимый;1
перекреститься;1
звучно;1
оказать;1
стопа;1
горестно;1
побелеть;1
мощно;1
представляться;1
милостивый;1
прощаться;1
прослезиться;1
залпом;1
глотнуть;1
зажмуриться;1
ветчина;1
болезненно;1
сморщиться;1
государыня;1
преувеличить;1
спьяна;1
сострить;1
возмущённо;1
нырнуть;1
вымыслить;1
спастись;1
мосье;1
жильяр;1
вывезти;1
азия;1
проехать;1
сингапур;1
европа;1
дания;1
августейший;1
мария;1
фёдорович;1
стонать;1
восторженно;1
тост;1
гранёный;1
пронзить;1
надломленный;1
проститься;1
отречение;1
дно;1
научить;1
монархия;1
pa;1
трижды;1
пронестись;1
истошный;1
адресоваться;1
захныкать;1
окаменеть;1
масляный;1
главенствовать;1
баритон;1
си;1
ильный;1
ержавный;1
царрра;1
ствовать;1
вспотеть;1
суконный;1
расхлебать;1
гимн;1
расплыться;1
вскрикивание;1
православный;1
самодержавный;1
павля;1
заплетаться;1
верра;1
зааплодировать;1
ярус;1
жи;1
ды;1
ущелие;1
заколдованный;1
мутиться;1
тяжко;1
дёргаться;1
раковина;1
вытряхнуть;1
полоса;1
мешать;1
оседать;1
расшириться;1
жалостливо;1
полумёртвый;1
мотаться;1
разъезжаться;1
нитка;1
садиться;1
цветик;1
класть;1
николушко;1
liquor;1
ammonii;1
раскрывать;1
лить;1
помутиться;1
хрр;1
ух;1
тьф;1
фэ;1
стекать;1
капля;1
закатиться;1
набрякнуть;1
обостриться;1
возиться;1
приготовлять;1
бодриться;1
замелькать;1
затрудняться;1
благодарность;1
обойтись;1
проспаться;1
застелить;1
узенький;1
полотнище;1
томила;1
напудрить;1
обветшалый;1
сборка;1
ссечься;1
потускнеть;1
потереться;1
капот;1
медвежий;1
шкура;1
недолговечный;1
хмель;1
одевать;1
задвинуть;1
жизненный;1
бодрый;1
мертвенный;1
сдерживать;1
вполголоса;1
сощурить;1
чрезвычайный;1
полтора;1
прожить;1
рыжеть;1
карьерист;1
облегчить;1
алеш;1
капотик;1
передаться;1
мелочь;1
лишённый;1
бесструнный;1
балалайка;1
выпадать;1
удружить;1
вычитывать;1
раздеться;1
уснуть;1
нищать;1
г;1
гадина;1
доставать;1
бледно;1
сниться;1
многоярусный;1
соты;1
дымиться;1
куриться;1
громоздиться;1
синь;1
высь;1
драгоценный;1
гудение;1
соломенный;1
пухлый;1
сидение;1
образец;1
покрикивать;1
безмолвный;1
отягчить;1
нетронутый;1
каштан;1
овраг;1
клён;1
уступ;1
расширяться;1
пестрить;1
сгнить;1
парапет;1
преграждать;1
обрыв;1
расходиться;1
роща;1
сковать;1
запорожский;1
сечь;1
херсонести;1
упадать;1
излучина;1
машинный;1
энергия;1
грозовой;1
выливаться;1
загораться;1
шарах;1
наводящий;1
суетный;1
неустанно;1
колесо;1
расшатывать;1
переливаться;1
одеваться;1
горка;1
путаный;1
заводь;1
ивняк;1
лодка;1
пристань;1
зимой;1
пологий;1
даль;1
перекинуть;1
цепной;1
слободка;1
раскинуть;1
неестественный;1
двадцатый;1
столетие;1
переполнить;1
давнишний;1
сжиматься;1
неволя;1
впускать;1
седоватый;1
делец;1
доверенный;1
помощник;1
нарождаться;1
тайный;1
общественный;1
деятель;1
продажный;1
алчный;1
аристократический;1
накрасить;1
карминовый;1
департамент;1
пассивный;1
педераст;1
алтынник;1
ростовщик;1
жандарм;1
актриса;1
обедать;1
съестной;1
лавка;1
паштетный;1
подавать;1
миниатюра;1
подмостки;1
смешить;1
слететься;1
негр;1
величественный;1
художник;1
поносить;1
таскать;1
седок;1
кабаре;1
струнный;1
неземной;1
истощённый;1
закокаиненный;1
проститутка;1
разбухать;1
шириться;1
опара;1
горшок;1
шелестеть;1
игорный;1
майор;1
арап;1
украинско;1
максим;1
скрипка;1
обаятельный;1
румын;1
белок;1
бархатный;1
увить;1
разливаться;1
сибирский;1
жжёный;1
дутый;1
наваченный;1
кафтан;1
мохнатиться;1
жир;1
балык;1
орёл;1
шампанское;1
хрящеватый;1
щетинка;1
штиблета;1
солист;1
звонкий;1
биллиардный;1
батист;1
отдушина;1
запрашивать;1
виза;1
переводить;1
достигнуть;1
париж;1
бессонный;1
всюду;1
везде;1
охранять;1
глухонький;1
выстрел;1
окраина;1
временами;1
чешуйчатый;1
сковывать;1
рослый;1
четырехвершковый;1
шестьсот;1
грузный;1
вождь;1
памятник;1
городок;1
злорадно;1
скалить;1
пограничный;1
проволока;1
сунуться;1
описываться;1
лавочник;1
лошадиный;1
заразить;1
сап;1
направляться;1
безденежный;1
неизгладимый;1
травленый;1
вшивый;1
небритый;1
беспогонный;1
приспосабливаться;1
насидеть;1
устраивать;1
кирасир;1
фантастический;1
усаживаться;1
масленый;1
гнилой;1
пломба;1
шуба;1
бобровый;1
липка;1
отель;1
ободрать;1
укрываться;1
хлопотать;1
кипеть;1
двинуть;1
драка;1
инженерный;1
артиллерийский;1
взрослый;1
семнадцатилетний;1
мило;1
вероятность;1
властитель;1
xvii;1
xx;1
павел;1
петрович;1
материал;1
оседлый;1
испытать;1
междуусобный;1
ошеломлять;1
рынок;1
осуществиться;1
москвич;1
петербуржец;1
невсамделишный;1
славословить;1
полиция;1
варт;1
величина;1
всеять;1
название;1
карать;1
возмущение;1
нежданно;1
негаданно;1
шахматный;1
доска;1
неумелый;1
отгородиться;1
пешечный;1
партнёр;1
группировать;1
игрушечный;1
противник;1
объявлять;1
шах;1
стремительный;1
слон;1
подлетать;1
погибать;1
получать;1
мат;1
жемчужина;1
бирюза;1
выкатиться;1
муравей;1
делишки;1
заспанный;1
открывать;1
тембр;1
форточка;1
растерзать;1
вой;1
обваливаться;1
печерский;1
почва;1
шатнуться;1
кричащий;1
порох;1
ядовитый;1
прекратиться;1
приобрести;1
исключение;1
командование;1
нарядить;1
относительно;1
содовый;1
поистине;1
чудовищно;1
главнокомандующий;1
фельдмаршал;1
неприкосновенный;1
могущество;1
рабочий;1
социалист;1
подвезти;1
воскресить;1
чесучовый;1
сопоставлять;1
непрочно;1
предзнаменование;1
обрушиться;1
солнышко;1
заслать;1
бесподобный;1
блеск;1
монист;1
екатерининский;1
стройный;1
колыхаться;1
упругий;1
ложиться;1
пятьдэсить;1
жалобно;1
побояться;1
этак;1
що;1
зробить;1
уса;1
казать;1
будэ;1
дерзкий;1
поляна;1
хвойный;1
облизывать;1
косить;1
распуститься;1
решиться;1
алебастровый;1
запениться;1
кувшин;1
вона;1
выучуть;1
коромысло;1
наглость;1
взбеситься;1
стан;1
гнести;1
ключица;1
оглобля;1
неловкость;1
роскошь;1
ведьма;1
умопомрачительный;1
нехорошо;1
умываться;1
подкрасться;1
наливной;1
август;1
незначительно;1
сентябрьский;1
соответствующий;1
предписываться;1
666;1
означенный;1
пожар;1
погром;1
незначительный;1
семён;1
период;1
февраль;1
1919;1
бухгалтер;1
счетовод;1
вывеска;1
кофейный;1
феска;1
клятвенно;1
продавать;1
изящно;1
стоя;1
прилавок;1
соломон;1
коген;1
уполномоченный;1
закрывать;1
завернуть;1
добавлять;1
земляк;1
румяный;1
землячка;1
курсистка;1
сливянка;1
благодатный;1
гриц;1
наружность;1
дата;1
таращий;1
изморось;1
неясно;1
поить;1
ют;1
растрепать;1
коса;1
полночный;1
литавра;1
торбан;1
стальной;1
засекать;1
шлычный;1
вещий;1
катиться;1
валяться;1
недочитанный;1
бес;1
четырежды;1
скопиться;1
стек;1
непокорный;1
сердюков;1
клочок;1
майоров;1
презрительный;1
хохоток;1
реквизировать;1
отобрать;1
поместье;1
дрожь;1
земельный;1
намереваться;1
панский;1
сволочной;1
чаемый;1
гербовый;1
наследственный;1
внук;1
шпана;1
привозить;1
керосин;1
справиться;1
жид;1
головушка;1
ниоткуда;1
упрятать;1
клуня;1
коморы;1
полевой;1
порка;1
трехдюймовый;1
орудие;1
цейхгауз;1
фельдшер;1
однодворец;1
семинарист;1
пчеловод;1
волшебный;1
воображать;1
панов;1
москаль;1
пленный;1
украинец;1
галиция;1
довесочек;1
мужичок;1
мираж;1
слиться;1
жажда;1
чаяние;1
жарка;1
хвататься;1
quos;1
vult;1
perdere;1
dementat;1
загадить;1
пустяшный;1
выпуск;1
мифический;1
величественно;1
галльский;1
европейский;1
заклевать;1
полусмерть;1
зрелище;1
картавый;1
клёкот;1
налетать;1
бронировать;1
клок;1
бронь;1
вгонять;1
оперить;1
грызть;1
пощада;1
вытечь;1
штопорный;1
шестидюймовый;1
наверняка;1
сплошь;1
ворс;1
рогожка;1
немногий;1
моноклёвый;1
потухать;1
диск;1
реденький;1
нищета;1
ток;1
лагерь;1
исполниться;1
выглядеть;1
испортиться;1
рахитик;1
демон;1
ребята;1
протухший;1
ругань;1
встречать;1
умигать;1
помигушко;1
иго;1
картавить;1
светозарный;1
опираться;1
крестовый;1
наесть;1
трепет;1
испытывать;1
наяву;1
гай;1
ручей;1
мечтание;1
крестоносец;1
заведомо;1
1916;1
виленский;1
витязь;1
распространять;1
грубый;1
памятный;1
собственноручно;1
смертельный;1
неузнаваемый;1
бездонный;1
слепить;1
игрушка;1
безотчётный;1
обоз;1
виолончельный;1
теплеть;1
поражаться;1
старичок;1
обходительный;1
докладай;1
скромно;1
почесать;1
мигать;1
взвод;1
турнуть;1
выяснение;1
вольный;1
положительный;1
зырк;1
клюква;1
покачать;1
рукоприкладство;1
старикан;1
вынудить;1
потуплять;1
родинка;1
крякнуть;1
заминочка;1
потребоваться;1
подъезжать;1
горделивый;1
эскадронный;1
погодя;1
юнкерок;1
пеший;1
потупиться;1
славный;1
грита;1
настежь;1
ягода;1
зашуметь;1
итальянский;1
взводный;1
дунуть;1
впереться;1
обозрение;1
запасный;1
хоромы;1
оригинально;1
чакчиры;1
отливать;1
земной;1
неоднократно;1
утончиться;1
лик;1
осиять;1
пронять;1
разнообразный;1
скрозить;1
вишь;1
взбодрить;1
истинный;1
этакий;1
любопытно;1
прибыль;1
убыток;1
поступок;1
убиенный;1
расстраивать;1
гулять;1
попов;1
срам;1
уволить;1
вчистую;1
дармоед;1
протягивать;1
ль;1
устроиться;1
приветно;1
утвердительно;1
закачать;1
отодвигаться;1
понемногу;1
бледнеть;1
рассветный;1
отереть;1
вздыхать;1
замедлить;1
осенний;1
веять;1
постукивать;1
перелеска;1
корявый;1
мужичонок;1
лаптишки;1
сено;1
непокрытый;1
сваляться;1
дубина;1
обходиться;1
начинание;1
запорхать;1
лёгонький;1
петушки;1
заходить;1
половой;1
орган;1
шинкарить;1
еврей;1
польский;1
варшава;1
генрик;1
сенкевич;1
вспучиться;1
пузырь;1
церквушка;1
ружейный;1
старец;1
душистый;1
самогон;1
каркать;1
чрезвычайность;1
декларация;1
пороть;1
закавыка;1
допустимый;1
невозможный;1
belaya;1
gvardiya;1
129100;1
notes;1
примечание;1
шедевр;1
завораживать;1
мистический;1
дьяволиада;1
обнажать;1
добро;1
привлекательность;1
добровольно;1
неминуемо;1
погружаться;1
герой;1
совершать;1
благо;1
гёте;1
приблизительно;1
сорокалетний;1
темноволосый;1
шляпа;1
пирожок;1
оправа;1
плечистый;1
вихрастый;1
кепка;1
ковбойка;1
жёваный;1
тапочки;1
ассоциация;1
сокращённо;1
именовать;1
понырёв;1
пишущий;1
пестро;1
раскрасить;1
отметить;1
майский;1
параллельный;1
валиться;1
сиплый;1
тёплый;1
парикмахерская;1
расплатиться;1
засесть;1
необоснованный;1
столь;1
оглядка;1
шалить;1
переутомиться;1
сгуститься;1
соткаться;1
кургузый;1
сажень;1
худо;1
неимоверно;1
маревый;1
раствориться;1
жара;1
галлюцинация;1
попытаться;1
постепенно;1
обмахнуться;1
бодро;1
питие;1
заказать;1
очередной;1
антирелигиозный;1
очертить;1
мнение;1
лекция;1
подчеркнуть;1
основный;1
изобразительный;1
незнакомство;1
снабдить;1
отрицательный;1
каков;1
выдумка;1
начитанный;1
древний;1
филон;1
александрийский;1
блестяще;1
флавий;1
упоминать;1
обнаруживать;1
эрудиция;1
пятнадцатый;1
44;1
тацитовый;1
анналы;1
поддельный;1
вставка;1
уставить;1
религия;1
непорочный;1
христианин;1
разноситься;1
дебри;1
узнавать;1
полезный;1
озирис;1
благостный;1
фаммуза;1
мардук;1
почитать;1
мексика;1
тест;1
фигурка;1
поздно;1
сличение;1
лаконически;1
описывать;1
пудель;1
брюнет;1
заметно;1
отражать;1
предвечерний;1
темнеть;1
сатирически;1
соль;1
адонис;1
аттис;1
митра;1
рождаться;1
предположим;1
волхв;1
икота;1
икнуть;1
громкий;1
удивлённо;1
коверкать;1
позволять;1
раскланяться;1
француз;1
поляк;1
отвратительный;1
учтивый;1
любя;1
вычурно;1
фигурально;1
изумительно;1
непрошеный;1
приглушить;1
навязчивость;1
помимо;1
привизгнуть;1
прицепиться;1
завертеть;1
атеизм;1
удивлять;1
дипломатически;1
сознательно;1
сказка;1
изумлённый;1
поблагодарить;1
благодарить;1
чудак;1
наловчиться;1
раздумье;1
бытие;1
архив;1
иммануил;1
курьёз;1
начисто;1
неубедительно;1
шиллер;1
кантовский;1
раб;1
штраус;1
бухнуть;1
восторг;1
засверкать;1
нескладный;1
умно;1
непонятно;1
потешаться;1
выпучить;1
плести;1
иноземец;1
лишек;1
извлечь;1
задира;1
распорядок;1
лишить;1
смехотворно;1
завтрашний;1
распоряжаться;1
вкус;1
закончиться;1
ничья;1
неладный;1
шарлатан;1
гадалка;1
кончаться;1
трагически;1
толк;1
пустяковый;1
совершить;1
управиться;1
столько;1
открывание;1
закурить;1
некурящий;1
спорить;1
фокус;1
постановка;1
помыслить;1
преувеличение;1
сие;1
внушительно;1
естественный;1
вовлекаться;1
смерить;1
меркурий;1
интервент;1
комсомолка;1
промычать;1
раздражить;1
маловероятный;1
председательствовать;1
предчувствовать;1
прохлада;1
молоть;1
превесело;1
несмеяться;1
удосужиться;1
радовать;1
популярность;1
подождать;1
оттащить;1
эмигрант;1
перебраться;1
засипеть;1
дурачок;1
прикидываться;1
следить;1
удрать;1
переплёт;1
плотный;1
спор;1
приглашение;1
консультация;1
предъявление;1
совать;1
напечатать;1
начальный;1
восстановить;1
сель;1
переспросить;1
полиглот;1
количество;1
заикнуться;1
библиотека;1
подлинный;1
чернокнижник;1
герберт;1
аврилакский;1
село;1
принуждённо;1
знание;1
придерживаться;1
подбой;1
четырнадцатый;1
предвещать;1
снаряжение;1
флигель;1
расположиться;1
молниеносный;1
дымок;1
горьковатый;1
кашевар;1
готовить;1
обед;1
наказывать;1
непобедимый;1
полголовы;1
двигать;1
мозаичный;1
гримаса;1
бегло;1
проглядеть;1
подследственный;1
галилея;1
тетрарх;1
направить;1
обвинять;1
разорвать;1
хитон;1
ремешок;1
синяк;1
запечься;1
арамейски;1
повышать;1
свирепый;1
чудовище;1
заслонить;1
невысокий;1
калечить;1
неподвижный;1
провожать;1
палица;1
простучать;1
мозаика;1
ворковать;1
голубь;1
подставить;1
подножие;1
бич;1
небрежно;1
наземь;1
подрубить;1
захлебнуться;1
обессмыслиться;1
вздёрнуть;1
гнусавый;1
выговаривать;1
смирно;1
совладать;1
тусклый;1
готовность;1
толковый;1
поспешно;1
прозвище;1
родитель;1
постоянный;1
жилище;1
застенчиво;1
грамота;1
вспухнуть;1
страдание;1
доб;1
оговориться;1
разрушать;1
сгорбиться;1
низенький;1
показание;1
стекаться;1
предсказатель;1
учиться;1
перепутать;1
путаница;1
неверно;1
убедить;1
непрерывно;1
вырвать;1
тронуть;1
виффагия;1
фиговый;1
разговориться;1
первоначально;1
обижаться;1
исподтишка;1
послушать;1
промолвить;1
туловище;1
неуклонно;1
подыматься;1
затемнить;1
жалобный;1
банг;1
соблазнительно;1
обезобразить;1
побои;1
создаться;1
представление;1
жидкость;1
малодушно;1
помышлять;1
огорчать;1
привязать;1
дописать;1
мученический;1
подползать;1
сандалия;1
сторониться;1
подавить;1
опуститься;1
благожелательно;1
погулять;1
окрестность;1
елеонский;1
прогулка;1
поделиться;1
производить;1
смертельно;1
уронить;1
останавливать;1
замкнутый;1
поместить;1
привязанность;1
скудный;1
говорящий;1
вспыльчивый;1
хрипловатый;1
конвойный;1
сознаться;1
наслаждение;1
круто;1
буравить;1
латинский;1
выступить;1
поджечь;1
уничтожить;1
зевака;1
чернь;1
недоуменный;1
употреблять;1
проповедовать;1
несчастливый;1
жестокий;1
чёрствый;1
медведь;1
манипул;1
врубиться;1
фланг;1
турм;1
идиставизо;1
мечтательно;1
позаботиться;1
влететь;1
круг;1
снизиться;1
задеть;1
ниша;1
капитель;1
полёт;1
сложиться;1
формула;1
утопический;1
удалять;1
подвергать;1
кесария;1
стратоновый;1
средиземный;1
продиктовать;1
фыркнуть;1
метнуться;1
желтизна;1
побурелый;1
застучать;1
уплыть;1
плешивый;1
редкозубый;1
язва;1
разъедать;1
мазь;1
запасть;1
беззубый;1
капрейский;1
носовой;1
надменно;1
тянущий;1
напрячься;1
внушить;1
придушить;1
взвешивать;1
намекать;1
угостить;1
дьявольский;1
любознательный;1
выказать;1
радушно;1
светильник;1
осведомлённость;1
высказать;1
безнадёжность;1
насилие;1
надобный;1
вбежать;1
тиверие;1
мерно;1
подковать;1
калига;1
вздуваться;1
трубочка;1
отламываться;1
струйка;1
юноша;1
предчувствие;1
присный;1
отшатнуться;1
великан;1
повысить;1
выкликать;1
понизить;1
покрепче;1
обмывать;1
жилка;1
разделять;1
впорхнуть;1
собрание;1
кара;1
светлобородый;1
орлиный;1
бляшка;1
портупея;1
зашнуровать;1
обувь;1
подошва;1
набросить;1
командующий;1
себастиец;1
выделить;1
приспособление;1
отправление;1
прибытие;1
сирийский;1
алу;1
исполнить;1
лев;1
сторожить;1
исполнять;1
обязанность;1
слоновый;1
развернуться;1
висячий;1
крепость;1
глыба;1
мрамор;1
драконовый;1
чешуя;1
уловить;1
отделять;1
ворчание;1
взмывать;1
нетерпение;1
вынесение;1
продавец;1
укрыться;1
канун;1
накинуть;1
лысеть;1
подбивать;1
числиться;1
следовательно;1
задача;1
искусство;1
покушаться;1
духовный;1
данный;1
исправление;1
сравнимый;1
тяжесть;1
призыв;1
страж;1
несравненно;1
пересмотреть;1
вредный;1
ознакомиться;1
освобождать;1
излечить;1
договорить;1
дослушать;1
прогнать;1
необъяснённый;1
перемена;1
куст;1
гранатовый;1
поплыть;1
водоросль;1
удушать;1
обжигать;1
бессилие;1
вымолвить;1
предвидеть;1
предстоять;1
сузить;1
поберечь;1
юродивый;1
понтийский;1
бесстрашно;1
чернобородый;1
вознести;1
причинить;1
всемогущий;1
укрыть;1
губитель;1
подбирать;1
наместник;1
антиохия;1
рим;1
капреть;1
заведомый;1
мятежник;1
прятать;1
соломонов;1
напеть;1
вензель;1
перемещать;1
фульминат;1
арабский;1
плач;1
стенание;1
смутить;1
надругаться;1
поругание;1
подкатывать;1
снизу;1
трубный;1
хруст;1
бряцание;1
пехота;1
стремиться;1
бунтовщик;1
предсмертный;1
парад;1
тыльный;1
съёжиться;1
увлечься;1
изысканный;1
магнолия;1
остальной;1
отдать;1
трибуна;1
вызов;1
беседка;1
собирать;1
затенить;1
наполовину;1
кратко;1
присутствие;1
официально;1
занести;1
одурять;1
аромат;1
спускаться;1
вымостить;1
ристалище;1
обширный;1
разобраться;1
пусто;1
итурейский;1
сжимать;1
машинально;1
подбивка;1
утёс;1
незрячий;1
звуковой;1
зародиться;1
громоподобный;1
вырастать;1
вскипеть;1
выждать;1
никака;1
выдохнуть;1
накопиться;1
сдуть;1
горячее;1
понести;1
гол;1
рубленый;1
взбросить;1
уткнуть;1
четверо;1
убийство;1
подстрекательство;1
позорный;1
повешение;1
гулом;1
выбор;1
великодушный;1
презренный;1
шорох;1
упереться;1
придержать;1
воскреснуть;1
раскатить;1
р;1
настил;1
оступиться;1
монета;1
финик;1
давить;1
вырваться;1
вывихнутый;1
допрос;1
морщиться;1
охать;1
боковой;1
утихать;1
выкрик;1
глашатай;1
долететь;1
дробный;1
стрекотать;1
конский;1
топот;1
сверлить;1
мальчишка;1
гипподромский;1
одиноко;1
забирать;1
рысить;1
пересечь;1
миновать;1
скопище;1
мулат;1
алы;1
равняться;1
вороной;1
взмокнуть;1
дыба;1
вбросить;1
плеть;1
выровнять;1
поскакать;1
галоп;1
кончик;1
бамбуковый;1
смуглый;1
тюрбан;1
закрываться;1
недовольно;1
досточтимый;1
почернеть;1
скользить;1
весло;1
выцвелый;1
звучать;1
сплести;1
совпадать;1
евангельский;1
ссылаться;1
осечься;1
ломаный;1
тайно;1
инкогнито;1
тсс;1
спятить;1
предсказание;1
отрубить;1
замигать;1
вкрадчивый;1
полоумный;1
блуждать;1
развязно;1
первоклассный;1
обрушиваться;1
гримасничать;1
мур;1
наказание;1
психовать;1
расхохотаться;1
выпорхнуть;1
воробей;1
хватиться;1
хохотать;1
душевный;1
раздражиться;1
сурово;1
минуточка;1
ненормальный;1
получаться;1
страстно;1
поверьте;1
надёжный;1
караулить;1
выздороветь;1
посветлеть;1
вдогонку;1
обернуться;1
успокоить;1
отчество;1
сложить;1
киевский;1
липовый;1
точность;1
вылепиться;1
плотский;1
усишко;1
иронический;1
полупьяный;1
брючки;1
подтянутый;1
попятиться;1
утешить;1
совпадение;1
литр;1
поправиться;1
наотмашь;1
попрошайка;1
ломака;1
подбежать;1
брызнуть;1
подлететь;1
новопроложить;1
взвыть;1
наддать;1
рогатка;1
скользнуть;1
слева;1
позлатить;1
подтянуть;1
неудержимый;1
вагоновожатый;1
вскрикнуть;1
завизжать;1
тормоз;1
подпрыгнуть;1
разваливаться;1
булыжный;1
утихнуть;1
истерический;1
отсверлить;1
свисток;1
санитарный;1
увезти;1
ранить;1
дворник;1
фартук;1
лужа;1
паралич;1
подскакивать;1
мостовая;1
обезуметь;1
укусить;1
пробегать;1
воспринимать;1
востроносый;1
простоволосый;1
бакалея;1
литровка;1
юбка;1
изгадить;1
связаться;1
любезный;1
картина;1
подстроить;1
великое;1
зажечься;1
светило;1
обманчивый;1
шпага;1
отставной;1
втируша;1
нацепить;1
холодеть;1
сумасшествие;1
сознаваться;1
насупиться;1
объяснять;1
ложечка;1
скривить;1
встрять;1
строжайше;1
взыскаться;1
прочь;1
обязать;1
разом;1
разинуть;1
пасть;1
послушаться;1
шуткарий;1
надуть;1
результат;1
девица;1
впадать;1
звереть;1
промахнуться;1
присоединиться;1
боров;1
сажа;1
грач;1
злодей;1
мигом;1
расстояние;1
сокращаться;1
ухудшиться;1
толчея;1
обругать;1
злодейский;1
шайка;1
применить;1
излюбить;1
бандитский;1
врассыпную;1
ввинтиться;1
автобус;1
ускользнуть;1
сосредоточить;1
моторный;1
нагло;1
отсадить;1
взвизгнуть;1
уцепиться;1
поручень;1
неподвижность;1
бакалейный;1
слезать;1
пассажир;1
платить;1
платёжеспособный;1
дисциплинировать;1
окрик;1
сняться;1
изгонять;1
дуга;1
кишка;1
укатить;1
сэкономить;1
заняться;1
паскудный;1
герцен;1
око;1
удача;1
сантиметр;1
поражать;1
ослепить;1
грохнуться;1
магистраль;1
кропоткин;1
остоженка;1
унылый;1
ненадолго;1
47;1
взлететь;1
нетерпеливо;1
недолго;1
девочка;1
справляться;1
малюсенький;1
угольный;1
грязь;1
велосипед;1
шина;1
ларь;1
обить;1
железо;1
свешиваться;1
радиоаппарат;1
незнакомый;1
спрятаться;1
потыкаться;1
крючок;1
отскочить;1
уголь;1
тлеть;1
корыто;1
эмаль;1
близоруко;1
обознаться;1
трепаться;1
укоризненно;1
десяток;1
потухший;1
примус;1
просочиться;1
паутина;1
забытый;1
киот;1
выбежать;1
присвоить;1
принадлежать;1
безотрадный;1
беглец;1
гранитный;1
амфитеатр;1
самокрутка;1
расшнуровать;1
помахать;1
остыть;1
перехватить;1
отдуваться;1
фыркать;1
плавать;1
приплясать;1
похитить;1
погрозить;1
бессильный;1
облачиться;1
расставаться;1
придирка;1
задержка;1
застёгиваться;1
щиколотка;1
забрать;1
вне;1
пролетать;1
бряцать;1
кверху;1
подворотня;1
вырываться;1
полонез;1
евгений;1
онегин;1
опасение;1
оправдаться;1
переулочек;1
шанс;1
изводить;1
углубиться;1
сеть;1
ежеминутно;1
прятаться;1
избегать;1
перекрёсток;1
светофор;1
шикарный;1
посольский;1
особняк;1
вездесущие;1
оркестр;1
татьяна;1
бульварный;1
отделённый;1
заасфальтировать;1
великолепный;1
парусиновый;1
сергеевич;1
домовладелица;1
врун;1
отрывок;1
софа;1
протолкаться;1
разместиться;1
входящий;1
знакомиться;1
извещение;1
спортивный;1
кружок;1
групповой;1
индивидуальный;1
увешать;1
рыбный;1
секция;1
уд;1
однодневный;1
путёвка;1
подложный;1
случайный;1
разбегаться;1
пестреть;1
ореховый;1
теткин;1
поклевкин;1
личный;1
скетчистовый;1
прорезать;1
швейцарский;1
ежесекундно;1
ломиться;1
открываться;1
роскошный;1
плакат;1
бурка;1
хохолок;1
ввысь;1
самопищущий;1
полнообъёмный;1
новелла;1
трилогия;1
суук;1
су;1
боровой;1
цихидзири;1
махинджаури;1
ленинград;1
чрезмерный;1
полтораста;1
повиноваться;1
прихотливый;1
подъём;1
редакционный;1
коллегия;1
бильярдный;1
подсобный;1
наслаждаться;1
гениальный;1
племянник;1
тупица;1
насколько;1
житься;1
укоризна;1
наградить;1
членский;1
массолитский;1
кайма;1
дрянный;1
категория;1
размещаться;1
сводчатый;1
расписать;1
ассирийский;1
грива;1
любой;1
отпускать;1
обременительный;1
цена;1
правдивый;1
строка;1
виртуозный;1
штучка;1
карбункул;1
румяногубый;1
гигант;1
золотистоволосый;1
пышнощёкий;1
умение;1
человечески;1
порция;1
копейка;1
третьедневочный;1
гарантия;1
виноградный;1
проезд;1
категорически;1
пищать;1
поужинать;1
слуга;1
покорный;1
трубить;1
оревуар;1
напевать;1
старожил;1
отварный;1
дешёвка;1
раковый;1
шейк;1
свежеть;1
кокотт;1
шампиньонов;1
пюре;1
филейчик;1
дрозд;1
трюфель;1
генуэзски;1
полтина;1
услуга;1
июль;1
суп;1
прентаньер;1
сижок;1
дупель;1
гаршнеп;1
бекас;1
вальдшнеп;1
сезон;1
кулик;1
отвлекаться;1
читатель;1
томиться;1
проникать;1
отдавать;1
асфальт;1
лук;1
работать;1
беллетрист;1
прилично;1
внимательный;1
неуловимый;1
циферблат;1
обутый;1
проворчать;1
настасья;1
лукинишный;1
непременовый;1
купеческий;1
сирота;1
писательница;1
батальный;1
популярный;1
загривовый;1
балкончик;1
попить;1
вариться;1
подзудить;1
литераторский;1
посёлок;1
работаться;1
вносить;1
базедов;1
новеллист;1
иероним;1
поприхина;1
критик;1
смягчать;1
контральто;1
завидовать;1
строиться;1
вставить;1
врезаться;1
склока;1
сценарист;1
искусственно;1
перелыгиня;1
обшить;1
назревать;1
наобум;1
словесность;1
добавочный;1
930;1
тысячесвечов;1
обнажённый;1
засохнуть;1
грудной;1
помутнеть;1
пугать;1
резчайший;1
заскорузлый;1
судебный;1
медицина;1
патологоанатом;1
полуночь;1
останки;1
совещаться;1
пришить;1
выставить;1
погибший;1
возмущаться;1
бескудников;1
спуститься;1
помянуть;1
занятой;1
посыпаться;1
испарина;1
поэтесса;1
полумесяц;1
жукоп;1
романист;1
киноактриса;1
драгунский;1
чердакчи;1
архитектор;1
семейкин;1
галл;1
рогожный;1
иоганн;1
кронштадт;1
куфтик;1
ростов;1
поэтический;1
подраздел;1
павиан;1
богохульский;1
шпичкина;1
адельфина;1
буздяк;1
стрижка;1
бокс;1
подбить;1
лука;1
доедать;1
малокровие;1
девушка;1
платьице;1
оплывать;1
запотеть;1
карский;1
зубрик;1
фляк;1
господарский;1
покрывало;1
судомойка;1
наклонный;1
плоскость;1
черноглазый;1
кинжальный;1
воронов;1
повязать;1
алым;1
адамов;1
гнаться;1
корвет;1
пушечный;1
плавиться;1
бычий;1
вспорхнуть;1
вскакивать;1
коллективный;1
сдавленный;1
колет;1
загружать;1
телеграф;1
сперва;1
украдкой;1
котлета;1
воляйя;1
голодный;1
рояль;1
разойтись;1
редакция;1
некролог;1
замещать;1
срочно;1
приступить;1
обсуждение;1
убранство;1
колонный;1
перевоз;1
открытие;1
прискорбный;1
обычный;1
закрытие;1
заволноваться;1
козлы;1
приподниматься;1
шествовать;1
закостенеть;1
стерлядка;1
покурить;1
затоптать;1
преградить;1
глуповато;1
отверстие;1
разодрать;1
беловатый;1
приколоть;1
стереться;1
свежа;1
изодрать;1
набок;1
друга;1
скатертный;1
изорвать;1
осипший;1
окрепнуть;1
сдвинуться;1
точнее;1
кабы;1
схватиться;1
вашнер;1
вагнер;1
вайнер;1
вегнер;1
винтёр;1
напряжение;1
жалостно;1
обыскать;1
чуять;1
растолкать;1
размахивать;1
воск;1
заглядывать;1
ласковый;1
мясистый;1
юбилейный;1
забыться;1
кретин;1
краснеть;1
пятиться;1
раскаиваться;1
исказить;1
широко;1
участливый;1
уха;1
соскочить;1
соблазн;1
защищаться;1
раздевалка;1
трусить;1
багроветь;1
медлить;1
ополоуметь;1
ухание;1
тифозный;1
оттенок;1
помертветь;1
причесать;1
пластрон;1
ремённый;1
фора;1
рей;1
высунуть;1
безжизненный;1
борт;1
подогнуться;1
даром;1
сторож;1
скомандовать;1
буфетный;1
выносить;1
спеленать;1
заливаться;1
норовить;1
грузовой;1
заводить;1
мотор;1
горячить;1
круп;1
сиреневый;1
вожжа;1
бегов;1
психический;1
обсуждать;1
соблазнительный;1
свинский;1
скандал;1
унести;1
отстроить;1
облачить;1
таракан;1
крыса;1
чёртик;1
шмыгать;1
удовлетворённо;1
вредитель;1
посметь;1
грубо;1
отвернуться;1
жалоба;1
гнида;1
отдельно;1
приволочь;1
безумие;1
впрямь;1
притащить;1
расцарапать;1
недоверчиво;1
пробурчать;1
балбес;1
негодование;1
спасибо;1
психология;1
приспичить;1
обличать;1
маскироваться;1
пролетарий;1
сличить;1
взвеяться;1
развеяться;1
отогреть;1
змея;1
поверка;1
злобный;1
обличение;1
олух;1
купаться;1
попятить;1
одёжа;1
вопросительно;1
однофамилец;1
пристроить;1
бестолковость;1
выделывать;1
заполнять;1
граф;1
свечечка;1
свечка;1
нечистый;1
бесповоротный;1
понтий;1
женатый;1
холостой;1
профсоюз;1
дежурный;1
поимка;1
адрес;1
прикрывать;1
алло;1
вглядываться;1
задрожать;1
коробочка;1
запаять;1
ампула;1
затравленно;1
прощать;1
забиться;1
кусаться;1
шприц;1
взмах;1
распороть;1
ветхий;1
неженский;1
эфир;1
воспользоваться;1
вколоть;1
подержать;1
опустить;1
водворить;1
диковато;1
заточить;1
прилечь;1
детски;1
поплатиться;1
семнадцатый;1
ночное;1
выехать;1
колёсико;1
кушетка;1
усталый;1
двигательный;1
речевой;1
возбуждение;1
бредовый;1
интерпретация;1
алкоголизм;1
плоховатый;1
воображение;1
галлюцинировать;1
злиться;1
отвалиться;1
сыпаться;1
разность;1
караульная;1
будка;1
штабель;1
нанизать;1
катушка;1
щебень;1
канал;1
трясти;1
швырять;1
обрубка;1
выскользнуть;1
троллейбус;1
собрать;1
прошипеть;1
отшвырнуть;1
настроение;1
ужасно;1
посещение;1
скорбь;1
прилипнуть;1
ныть;1
глодать;1
обманывать;1
отравить;1
неврастения;1
покачнуться;1
подсветить;1
близехонький;1
постамент;1
пример;1
удачливость;1
нападать;1
постигать;1
белогвардеец;1
раздробить;1
обеспечить;1
опустелый;1
допивать;1
центр;1
конферансье;1
тюбетейка;1
обременить;1
приветливо;1
избавить;1
истерзать;1
подробность;1
наблюдательный;1
пытка;1
остро;1
вглядеться;1
суть;1
равнодушный;1
жалеть;1
цинический;1
самоуничтожающий;1
рыбец;1
признавать;1
исправить;1
истратить;1
пировать;1
торопиться;1
срывать;1
шнырять;1
наваливаться;1
7;1
расстрелять;1
разнести;1
глазной;1
проплывать;1
ободок;1
довершение;1
тошнить;1
тошнота;1
припоминаться;1
салфетка;1
отказываться;1
настаивать;1
выяснить;1
отсвечивать;1
пополам;1
шестиэтажный;1
пользоваться;1
репутация;1
владелица;1
вдова;1
ювелир;1
пятидесятилетний;1
почтенный;1
сдавать;1
исчезать;1
выходной;1
утратиться;1
расписаться;1
предать;1
домашний;1
работница;1
корректный;1
откровенный;1
суеверный;1
утащить;1
понедельник;1
обычно;1
мадам;1
непродолжительный;1
бессонница;1
наплакаться;1
вволю;1
сухонький;1
иссохший;1
замшевый;1
мешочек;1
сокровище;1
чеканка;1
простоять;1
вселиться;1
окаянный;1
харьков;1
балетмейстер;1
божедомок;1
знакомство;1
ухитриться;1
добыть;1
склеить;1
щетина;1
заплыть;1
галстук;1
нарушить;1
поразиться;1
дискант;1
алмазный;1
прозвонить;1
пробуждение;1
пощупать;1
втыкать;1
похмелие;1
симптом;1
преисподняя;1
лечить;1
единственно;1
признаваться;1
еле;1
ворочать;1
отъехать;1
таращить;1
сервировать;1
иметься;1
нарезать;1
паюсный;1
объёмистый;1
графинчик;1
графин;1
запотелый;1
полоскательница;1
чисто;1
степином;1
полстопка;1
пискнуть;1
поднести;1
проглотить;1
содержимое;1
прожёвывать;1
благодарствовать;1
закусывать;1
кастрюля;1
томат;1
растаять;1
выговариваться;1
сходня;1
припомниться;1
нанимать;1
чемоданчик;1
неразъяснённый;1
радио;1
помаленьку;1
высветляться;1
недурно;1
портвейн;1
чтоб;1
индивидуум;1
мельком;1
склочник;1
приспособленец;1
подхалим;1
определение;1
кусочек;1
зиять;1
преогромный;1
дыра;1
видать;1
затруднение;1
областной;1
зрелищный;1
согласовать;1
условиться;1
уточнение;1
деталь;1
браться;1
аптека;1
рассчитаться;1
проскулить;1
гастролёр;1
собственноручный;1
залихватский;1
косой;1
следуемый;1
закружиться;1
провал;1
неприличный;1
отлучиться;1
остолбенеть;1
сургучный;1
недоставать;1
рельсовый;1
катастрофа;1
головной;1
каша;1
закопошиться;1
назло;1
напечатание;1
никчёмный;1
затевать;1
пустяк;1
горевать;1
щекотливый;1
заключать;1
резкий;1
григорий;1
данилович;1
афиша;1
забывчивость;1
вверить;1
аппарат;1
ленивый;1
жердь;1
оборваться;1
отражение;1
шляться;1
услать;1
воронеж;1
зажилить;1
россыпь;1
поблескивать;1
пуф;1
некто;1
жуткий;1
поддеть;1
меркнуть;1
удивить;1
дражайший;1
поползти;1
множественный;1
жутко;1
свинячить;1
пьянствовать;1
вступать;1
смыслить;1
втирать;1
гонять;1
наябедничать;1
сползти;1
царапать;1
котелок;1
клык;1
безобразить;1
невиданно;1
гнусавить;1
накладывать;1
прогнусить;1
вздыбить;1
шерсть;1
завертеться;1
приоткрыть;1
слегка;1
поступать;1
бездушный;1
стукнуться;1
нагреть;1
поединок;1
продолжительный;1
металл;1
тряхнуть;1
потрясение;1
выспаться;1
полежать;1
звонок;1
привычка;1
нажатие;1
вращаться;1
хитроумный;1
случайно;1
фельдшерица;1
прозвенеть;1
данные;1
засадить;1
благодушный;1
нажим;1
увести;1
широкопетлистый;1
извиваться;1
сосновый;1
ванный;1
уборный;1
хлестать;1
кран;1
оборудование;1
специально;1
осматривать;1
затуманиться;1
любо;1
сдержаться;1
вымыть;1
выгладить;1
отворить;1
халатик;1
пижамка;1
прикрепить;1
жилища;1
насильственно;1
всплеснуть;1
развязность;1
пижама;1
пунцовый;1
байка;1
беззвучный;1
относиться;1
диво;1
мысленно;1
окрестить;1
никелированный;1
инструмент;1
пузатый;1
горелка;1
провод;1
прибор;1
приняться;1
повыспросить;1
обдумывать;1
соблазнять;1
вещица;1
бабушка;1
протест;1
укорениться;1
буйный;1
повествование;1
извращённый;1
избрать;1
осуществить;1
неволей;1
прошлый;1
вплоть;1
родственник;1
канитель;1
венерический;1
приставать;1
уступить;1
температура;1
посчитать;1
светить;1
рисовать;1
подпрыгивать;1
локтевой;1
сгиб;1
браслет;1
усмехаться;1
изловить;1
чушь;1
вологда;1
запоем;1
препровождённый;1
всмятку;1
дождаться;1
актёрски;1
оказывать;1
торжественный;1
подуматься;1
опрятный;1
целое;1
обменяться;1
малоизвестный;1
отвращение;1
поэзия;1
предупредительно;1
вырядить;1
успокоительно;1
рядить;1
понятливость;1
изучать;1
коснуться;1
обладать;1
битый;1
самостоятельно;1
перебивать;1
убедительность;1
интеллигент;1
редкость;1
отрицать;1
купать;1
федя;1
ухаживать;1
благоговейно;1
облегчённо;1
логически;1
поиск;1
загибать;1
повредить;1
побить;1
выброситься;1
разъезжать;1
подёрнуться;1
покорить;1
постельный;1
йота;1
видеться;1
моментально;1
снова;1
одеяние;1
намекнуть;1
расколоться;1
нуждаться;1
изнервничаться;1
моляще;1
подозрение;1
обвинение;1
переслать;1
коротенький;1
всемерно;1
завладеть;1
обыкновение;1
кислород;1
сетка;1
полуденный;1
коровьевский;1
жилищный;1
302;1
бис;1
проживать;1
участвовать;1
легкомысленный;1
разборка;1
подлежать;1
хранение;1
указанный;1
впредь;1
объявление;1
распространиться;1
претензия;1
мольба;1
кляуза;1
донос;1
ремонт;1
несносный;1
теснота;1
невозможность;1
потрясать;1
похищение;1
пельмень;1
31;1
покончить;1
самоубийство;1
признание;1
беременность;1
подмигивать;1
подкарауливать;1
отбиться;1
асфальтовый;1
поганый;1
отдышаться;1
тучный;1
связка;1
дубликат;1
властный;1
складный;1
метр;1
шапочка;1
ба;1
приветствовать;1
насильственный;1
внезапный;1
рукопожатие;1
подозрительно;1
задушевно;1
зависеть;1
зыбко;1
условно;1
природа;1
разглагольствовать;1
суровый;1
суровость;1
церемония;1
негодовать;1
натура;1
грубоватый;1
разрешаться;1
юлить;1
освирепеть;1
отвергнуть;1
особа;1
нечищеный;1
наличность;1
любезно;1
примерно;1
просьба;1
прописать;1
порыться;1
пожимать;1
тупо;1
затрещать;1
переутомление;1
повышенный;1
давление;1
рассеянный;1
биография;1
обхохотаться;1
катить;1
замахать;1
мельничный;1
повидать;1
отказ;1
дрессировать;1
нипочём;1
просторно;1
недоумение;1
интимно;1
жилистый;1
нашпионить;1
каприз;1
нерв;1
выгода;1
профит;1
миллионер;1
практический;1
удивительно;1
несолидный;1
манера;1
годный;1
неясный;1
томить;1
преизрядный;1
дефицит;1
закупать;1
паровой;1
отопление;1
шиш;1
интуристовый;1
вывернуться;1
увязать;1
увязка;1
увязывать;1
стесняться;1
увлекать;1
уладиться;1
намерение;1
чудно;1
трескотня;1
плата;1
замяться;1
пятьсот;1
прыжок;1
просипеть;1
аппетитик;1
сумма;1
начертать;1
слетать;1
размашистый;1
расписочек;1
серьёзный;1
эйн;1
цвеять;1
дрей;1
новенький;1
подсчитывание;1
пересыпать;1
прибаутка;1
смотрок;1
временной;1
прописка;1
взреветь;1
билетик;1
блокнот;1
хрустнуть;1
метнуть;1
отпихивать;1
обидеть;1
трудиться;1
строго;1
преследоваться;1
претихо;1
вползти;1
расслабить;1
вихрь;1
дрессированный;1
покалывать;1
хватить;1
баран;1
ступенька;1
выжиг;1
плут;1
master;1
margarita;1
афанасиевич;2
список;2
школьный;2
11;2
хроника;2
издёргать;2
дворянский;2
трагедия;2
мелкий;2
повалить;2
ветер;2
завыть;2
буран;2
марс;2
гроб;2
алексеевский;2
церковь;2
вишнёвый;2
акация;2
скрипеть;2
рокотать;2
покидать;2
вихор;2
нависнуть;2
старое;2
изредка;2
возводить;2
гулкий;2
плита;2
кладбище;2
еленка;2
часто;2
ветвь;2
башенный;2
скала;2
потёртый;2
райский;2
чудной;2
восточный;2
скарлатина;2
серебро;2
цепляться;2
месть;2
мести;2
встревожить;2
рукавица;2
мучиться;2
умолкнуть;2
забитый;2
конфузливый;2
конфузиться;2
книжка;2
раскрыть;2
уныние;2
испытание;2
книжечка;2
приподнять;2
вылить;2
источник;2
стремительно;2
лепиться;2
ветка;2
замести;2
засветиться;2
жёлтенький;2
конус;2
снаружи;2
наскоро;2
пласт;2
поволочь;2
девять;2
ослепительный;2
исторический;2
запись;2
тушь;2
сочувствовать;2
рожа;2
момуса;2
отвиснуть;2
леночка;2
8;2
12;2
нарисовать;2
браунинг;2
угроза;2
лишение;2
комиссар;2
дамский;2
1917;2
любимый;2
поза;2
буфет;2
сущность;2
сыграть;2
съёмка;2
дачник;2
дачница;2
марш;2
струна;2
вспоминать;2
отстреливаться;2
сдаться;2
юнкерский;2
сестра;2
приёмный;2
опера;2
прильнуть;2
выдавить;2
расплющить;2
зловеще;2
плеваться;2
цвета;2
внутри;2
владимирович;2
семейство;2
пола;2
лосниться;2
ваза;2
гортензия;2
знойный;2
растоптать;2
каблук;2
цветок;2
продавщица;2
цветочный;2
чаёк;2
отражаться;2
вяло;2
жевать;2
исказиться;2
десятый;2
произвол;2
поворачивать;2
бородянка;2
смешно;2
чашечка;2
спокойствие;2
свободный;2
езда;2
раздавить;2
муха;2
седой;2
пепел;2
поднос;2
прогреметь;2
удивлённый;2
широкоплечий;2
карандаш;2
занять;2
пропеть;2
закоченеть;2
кокарда;2
виктор;2
викторович;2
давний;2
ресница;2
особый;2
уголок;2
срезать;2
лепить;2
глина;2
слабо;2
бережно;2
выглядывать;2
обрывок;2
домой;2
подстричь;2
усов;2
таять;2
намокнуть;2
вытягивать;2
зажигать;2
загреметь;2
бридж;2
жалкий;2
валенок;2
ва;2
сипеть;2
простонать;2
опьянеть;2
закачаться;2
алый;2
смягчиться;2
ожить;2
поморозить;2
матерный;2
град;2
ругать;2
лязгать;2
патрон;2
беречь;2
иголка;2
чудиться;2
вытерпеть;2
дремать;2
вставать;2
пулемётный;2
a;2
навалиться;2
волынский;2
батарея;2
шрапнель;2
пыл;2
угаснуть;2
богоносец;2
смениться;2
считать;2
замёрзнуть;2
подобрать;2
насмерть;2
обрадоваться;2
недобрый;2
хлопчик;2
уси;2
побигла;2
сослепу;2
пристрелить;2
сбегать;2
небесный;2
высокоблагородие;2
нут;2
наслать;2
электричество;2
коньяк;2
доложить;2
тамара;2
пламя;2
смять;2
венец;2
наполнить;2
буря;2
ходуном;2
трещина;2
незаметно;2
сосуд;2
безопасность;2
отразиться;2
академия;2
головка;2
автомат;2
озябнуть;2
конвоировать;2
жмуриться;2
жаться;2
сердюк;2
потоптаться;2
хлопец;2
тумба;2
шататься;2
дежурить;2
утонуть;2
гостиный;2
вата;2
редко;2
свесить;2
неизбежный;2
убрать;2
дума;2
зыбкий;2
строгий;2
противно;2
неизвестность;2
опасность;2
аккуратный;2
опоясать;2
дальний;2
пассажирский;2
ослепительно;2
германия;2
шёпот;2
оставлять;2
масса;2
петербург;2
комитет;2
солдатский;2
кровопролитие;2
выгнать;2
авантюрист;2
шрапнельный;2
пуля;2
сюрприз;2
убивать;2
перпилло;2
цирк;2
купол;2
отгородить;2
милый;2
вылиться;2
прибалтийский;2
астролог;2
определённый;2
причудливый;2
тщетно;2
зерно;2
труд;2
дивизия;2
девичий;2
густо;2
менять;2
размышление;2
нежность;2
пианино;2
закорючка;2
валентин;2
свойственный;2
миг;2
аккорд;2
ложе;2
окрасить;2
беспокойно;2
кривой;2
бумажник;2
пересчитать;2
оборачиваться;2
сверху;2
грохотать;2
скорость;2
стук;2
задерживаться;2
свернуть;2
смело;2
массивный;2
запаковать;2
стрелочник;2
мотать;2
сноп;2
наполниться;2
налететь;2
жгучий;2
крытый;2
заискивающе;2
тянуть;2
бормотание;2
з;2
завывать;2
нарушать;2
грызло;2
костлявый;2
прохладный;2
сырой;2
набитый;2
египетский;2
царевна;2
зонтик;2
таинственно;2
почерк;2
удостоверение;2
состоять;2
зеленеть;2
испугать;2
наплевать;2
кровяной;2
владелец;2
домовый;2
потрогать;2
выложить;2
пиджак;2
клей;2
влезть;2
нашарить;2
ножичек;2
предыдущий;2
дверца;2
отвести;2
выглянуть;2
перевязать;2
сукно;2
смазать;2
прелесть;2
полбукетик;2
квадратик;2
потереть;2
скомкать;2
оборванный;2
беззвучно;2
работа;2
пружинный;2
походка;2
след;2
державноi;2
скарбницi;2
лопата;2
селянка;2
серп;2
овальный;2
украински;2
ii;2
станислав;2
конногвардеец;2
катеринка;2
9;2
бриллиантовый;2
20;2
6;2
персона;2
дровяной;2
бревно;2
чердак;2
балка;2
качать;2
тринадцать;2
перевернуть;2
фальшиво;2
фальшивый;2
смех;2
погладить;2
тускло;2
плесень;2
тушинский;2
вор;2
выстрелить;2
знамя;2
застеклить;2
свежий;2
яблоко;2
лимон;2
крошка;2
вал;2
профиль;2
ёж;2
сенегалец;2
опомниться;2
отъезд;2
пережить;2
степанов;2
артиллерист;2
кличка;2
терпение;2
малышев;2
отчаяние;2
поспешить;2
карасев;2
эпиталама;2
благополучно;2
звякнуть;2
сербский;2
неуместный;2
продержаться;2
предатель;2
глотка;2
здоровье;2
бокал;2
припасть;2
рукоять;2
персидский;2
принц;2
клинок;2
дамасский;2
дарить;2
ремень;2
стыдно;2
жаркое;2
устройство;2
киев;2
берлин;2
издеваться;2
формирование;2
население;2
развести;2
ухватить;2
рядовой;2
горло;2
закашляться;2
курицький;2
прошлое;2
кланяться;2
приказ;2
верхушка;2
комедия;2
корпус;2
гимназист;2
троцкий;2
сукин;2
проиграть;2
кормить;2
заболеть;2
гвоздь;2
опоздать;2
искренне;2
таков;2
оправиться;2
борьба;2
сообщение;2
качнуться;2
искоса;2
сосед;2
крепиться;2
напиться;2
н;2
понятие;2
тю;2
поговорить;2
светло;2
обвести;2
общество;2
гувернёр;2
выкинуть;2
предлагать;2
развиться;2
бо;2
просачиваться;2
выплывать;2
цыганский;2
шевелить;2
покачиваться;2
идиот;2
уборная;2
замучить;2
рвать;2
слипнуться;2
поддерживать;2
завести;2
угасать;2
колка;2
напрягаться;2
танцевать;2
витька;2
вить;2
склянка;2
нашатырный;2
пульс;2
резко;2
белка;2
синеватый;2
локоть;2
прохрипеть;2
щёлкнуть;2
хлопоты;2
ложа;2
сдвинуть;2
лампочка;2
стоящий;2
коробка;2
лиза;2
пиковый;2
погрузить;2
старенький;2
вытертый;2
храп;2
резонный;2
полюбить;2
привязаться;2
удерживать;2
расстёгивать;2
осветиться;2
жечь;2
бессмысленно;2
бремя;2
клетка;2
глумливый;2
погнаться;2
сновидение;2
светать;2
ровный;2
скат;2
серебристый;2
спокойный;2
повсюду;2
красоваться;2
порою;2
отвесный;2
береговой;2
шоссе;2
вьющийся;2
порог;2
гул;2
смягчаться;2
накопить;2
газовый;2
сплошной;2
светиться;2
владимир;2
мгла;2
изгиб;2
находить;2
водяной;2
царить;2
высоченный;2
стреловидный;2
прибегать;2
повториться;2
исконный;2
пришелец;2
приказчик;2
промышленник;2
купец;2
адвокат;2
журналист;2
трусливый;2
кокотка;2
честной;2
развратница;2
юный;2
весна;2
наполняться;2
богатый;2
торговать;2
кафе;2
кривляться;2
столица;2
прах;2
режиссёр;2
фельетон;2
музыка;2
уважать;2
свистать;2
томный;2
шаль;2
золотистый;2
абрау;2
напирать;2
серенький;2
лак;2
водить;2
девка;2
штаны;2
гнать;2
письмо;2
польша;2
твориться;2
тевтон;2
чуя;2
франция;2
тосковать;2
кордон;2
блистательный;2
постоянно;2
успокаиваться;2
мундир;2
радоваться;2
колючий;2
шипящий;2
совет;2
рисковать;2
профессия;2
суметь;2
отдыхать;2
заново;2
потревожить;2
вместить;2
полутёмный;2
резной;2
дуб;2
армейский;2
штабс;2
прапорщик;2
зажить;2
рана;2
искалечить;2
штатский;2
невиданный;2
нежели;2
звать;2
насмешка;2
юмор;2
воцариться;2
ради;2
грабить;2
значительный;2
большинство;2
подобно;2
войско;2
различный;2
отдалить;2
расположить;2
доходить;2
область;2
расстреливать;2
раздаться;2
неразумный;2
пешка;2
король;2
ферзь;2
сбоку;2
освещать;2
прокатиться;2
зловещий;2
неслыханный;2
скатиться;2
разрастись;2
печерск;2
визг;2
склад;2
газа;2
небольшой;2
выпивать;2
эйхгорн;2
заместитель;2
зато;2
породить;2
пуговица;2
пошевелить;2
дёрнуть;2
раненько;2
подземелье;2
царственный;2
сирена;2
бидон;2
дорого;2
чи;2
швырнуть;2
равнодушно;2
безобразие;2
высовываться;2
полутьма;2
сладостный;2
дерзость;2
осень;2
сентябрь;2
камера;2
содержаться;2
узник;2
манер;2
симона;2
изящный;2
изделие;2
курящий;2
кальян;2
задрать;2
фабрика;2
земский;2
типичный;2
земгусар;2
коленкор;2
вечеринка;2
путаться;2
путать;2
народный;2
учитель;2
фу;2
конница;2
глумиться;2
миф;2
18;2
лютый;2
четыреста;2
неутолённый;2
лейтенантский;2
беглый;2
исполосовать;2
добродушный;2
пан;2
загудеть;2
мыслишка;2
100;2
десятина;2
владение;2
обожать;2
приказание;2
начальство;2
скорый;2
городишко;2
здоровенный;2
ярость;2
сынов;2
лата;2
фригийский;2
колпак;2
поверженный;2
линять;2
превращаться;2
дырявый;2
проскочить;2
гад;2
освещение;2
постный;2
незваный;2
шлем;2
кольчуга;2
бригада;2
теперича;2
сходный;2
изнутри;2
сумрачный;2
пик;2
гармоника;2
чистота;2
кашлянуть;2
пристать;2
временно;2
пущать;2
посидеть;2
повозка;2
хитро;2
смутно;2
обождать;2
рысью;2
наоборот;2
радостный;2
справа;2
хор;2
заиграть;2
замереть;2
ахнуть;2
взмахнуть;2
видимо;2
невидимый;2
батюшка;2
бедный;2
сомневаться;2
испустить;2
гордо;2
казарма;2
одинаковый;2
напоминать;2
ухмыльнуться;2
чертовщина;2
выбить;2
дегтяренко;2
складываться;2
пророк;2
хитрый;2
ознакомительный;2
фрагмент;2
текст;2
предоставить;2
ооо;2
целиком;2
легальный;2
версия;2
https;2
www;2
litres;2
ru;2
mihail;2
bulgakov;2
lfrom;2
159481197;2
оплатить;2
visa;2
mastercard;2
maestro;2
мобильный;2
платёжный;2
терминал;2
мтс;2
связный;2
paypal;2
webmoney;2
яндекс;2
qiwi;2
кошелёк;2
бонусный;2
создать;2
тема;2
зло;2
прочесть;2
фраза;2
закат;2
безвозвратно;2
азазелло;2
упитанный;2
приличный;2
выбрить;2
украшать;2
рогов;2
заломить;2
спутник;2
псевдоним;2
странность;2
раскалить;2
приключиться;2
тупой;2
охватить;2
напугать;2
вытереть;2
кисловодск;2
престранный;2
картузик;2
воздушный;2
пиджачок;2
заодно;2
христос;2
сочинить;2
нечто;2
талант;2
доказать;2
умело;2
иосиф;2
солидный;2
прочить;2
бойкий;2
выдумать;2
пустынный;2
забираться;2
финикийский;2
вицлипуцть;2
ацтек;2
откровенно;2
сводка;2
платиновый;2
признать;2
годиться;2
лихо;2
трость;2
набалдашник;2
гладко;2
англичанин;2
ишь;2
перчатка;2
окаймлять;2
остановить;2
перевести;2
коротко;2
приход;2
прекратить;2
дыхание;2
направиться;2
соглашаться;2
воровски;2
испуг;2
свободно;2
спинка;2
гусь;2
отколоть;2
заморгать;2
сведение;2
путешественник;2
браво;2
беспокойный;2
соорудить;2
рассуждение;2
обратить;2
придумать;2
больно;2
смущаться;2
пребывать;2
никой;2
спрашиваться;2
сердито;2
точный;2
возможность;2
входить;2
кхе;2
сладко;2
управление;2
бросаться;2
съездить;2
смешок;2
предпочитать;2
треугольник;2
полбеды;2
иногда;2
сшить;2
шуточка;2
зайти;2
прищурить;2
чертить;2
птица;2
вполне;2
изображение;2
обрадовать;2
минутка;2
встревоженно;2
потянуть;2
конверт;2
визитный;2
веско;2
проницательно;2
отношение;2
качество;2
специалист;2
обнаружить;2
крайне;2
поманить;2
наклониться;2
нисан;2
ирод;2
иудей;2
нехороший;2
источать;2
кипарис;2
свидетельствовать;2
гемикрания;2
почтительно;2
вложить;2
посылать;2
утверждение;2
ввести;2
ссадина;2
податься;2
поверь;2
шептать;2
прозвать;2
предстать;2
разбитый;2
размахнуться;2
сбежать;2
упавший;2
пошатнуться;2
гамаленький;2
сириец;2
путешествовать;2
короче;2
бродяга;2
закрытый;2
бессмысленный;2
склонить;2
маг;2
лгун;2
долгий;2
желание;2
козлиный;2
убежать;2
брезгливый;2
сборщик;2
отнестись;2
неприязненно;2
оскорблять;2
оскалить;2
счесть;2
отныне;2
безжалостный;2
солнцепёк;2
задавать;2
невыразимый;2
смущать;2
мучение;2
стоптать;2
желтоватый;2
проронить;2
рад;2
советовать;2
пешком;2
гроза;2
сопровождать;2
слишком;2
развязать;2
потирать;2
измять;2
опухнуть;2
исподлобья;2
задать;2
слабоумный;2
поклясться;2
перерезать;2
заслоняться;2
праздный;2
сузский;2
осёл;2
сопровождение;2
командовать;2
долина;2
вздумать;2
скрыться;2
преступление;2
беспорядок;2
резиденция;2
вылететь;2
прилить;2
утратить;2
капризный;2
кровля;2
оскорбление;2
бессвязный;2
щит;2
познакомиться;2
перейти;2
повелеть;2
наедине;2
стучать;2
убеждённый;2
проповедь;2
руби;2
помолиться;2
судорога;2
сомкнуться;2
львиный;2
морда;2
гребень;2
тройной;2
багряный;2
себастийский;2
охрана;2
вспомогательный;2
храмовый;2
стража;2
заливать;2
поддаваться;2
крыша;2
несметный;2
извиниться;2
утвердить;2
приговорить;2
бунт;2
обычай;2
надменный;2
недоразумение;2
налицо;2
повинный;2
отяготить;2
мятеж;2
изложить;2
решение;2
ходатайство;2
объяснение;2
прилететь;2
молния;2
уносить;2
влажный;2
ранее;2
оскалиться;2
казнить;2
мальчик;2
оцепить;2
защитить;2
обольститель;2
покуда;2
смолкнуть;2
сигнал;2
полдень;2
удалиться;2
протокол;2
меж;2
ниже;2
группа;2
обстановка;2
очистить;2
возникнуть;2
спадать;2
морской;2
вскипать;2
различимый;2
задавить;2
возвращать;2
выкрикивать;2
вздох;2
проверять;2
счастливец;2
бушевать;2
рёв;2
причинять;2
пронзительный;2
приближаться;2
ала;2
сторонка;2
стлаться;2
виноград;2
проскакать;2
выхватить;2
ножны;2
шарахнуться;2
седьмой;2
лодочка;2
плеск;2
публика;2
присниться;2
всматриваться;2
евангелие;2
буквально;2
уверенно;2
противоречить;2
положительно;2
впасть;2
волновать;2
добежать;2
состояние;2
предъявить;2
ермолаевский;2
ге;2
разъяснить;2
бронная;2
навстречу;2
куриный;2
соображение;2
размышлять;2
повернуть;2
вертушка;2
неудержимо;2
подбросить;2
навзничь;2
удариться;2
нестись;2
погоня;2
обезглавить;2
красавица;2
выкрикнуть;2
отринуть;2
отнюдь;2
лунный;2
ввязаться;2
заорать;2
одинокий;2
притом;2
тройка;2
догнать;2
спиридоновка;2
прибавлять;2
ловкость;2
подножка;2
остановка;2
духота;2
поведение;2
застылый;2
улизнуть;2
рысцой;2
тротуар;2
запустить;2
мочалка;2
кирюшка;2
пожелать;2
безмолвно;2
венчальный;2
пришпилить;2
омерзительный;2
одежда;2
рваный;2
ботинок;2
нефть;2
спичка;2
подвал;2
пробираться;2
расспрос;2
упорно;2
чахлый;2
тент;2
якобы;2
молодец;2
фотография;2
дачный;2
творческий;2
касса;2
квартирный;2
отпуск;2
терзать;2
тёткин;2
считаться;2
провизия;2
натюрель;2
возражать;2
гастроном;2
уговаривать;2
яйцо;2
перепел;2
неотложный;2
двубратский;2
болтать;2
скетч;2
назначить;2
денежка;2
прогудеть;2
абабков;2
напрямик;2
прозектор;2
представитель;2
опечатание;2
натурально;2
грохнуть;2
аллилуйя;2
покрыть;2
крепко;2
пожилой;2
борода;2
пёрышко;2
кружка;2
спускать;2
мистика;2
пистолет;2
плыть;2
караибский;2
бриг;2
вазочка;2
взметнуться;2
подержаться;2
водочка;2
поместиться;2
доступ;2
прочий;2
трельяж;2
вилка;2
измерить;2
горячка;2
дважды;2
неописуемый;2
дура;2
выслать;2
мотоциклет;2
беспокойство;2
подштанники;2
свистеть;2
погасить;2
психиатрический;2
шофер;2
возить;2
вход;2
привычный;2
ловкий;2
присаживаться;2
табурет;2
бездарность;2
сашка;2
участие;2
дрянь;2
кулачок;2
тщательно;2
ахнет;2
толкнуть;2
знаться;2
факт;2
ослабеть;2
надевать;2
замкнуться;2
сложный;2
сзади;2
мачта;2
вертеться;2
обидный;2
стихотворение;2
старость;2
наклонить;2
безразличный;2
бедро;2
яй;2
разлепить;2
ювелиршин;2
фужер;2
анфис;2
набожный;2
колдовство;2
среда;2
застать;2
обнаружиться;2
использовать;2
грунить;2
определить;2
симпатичный;2
дружелюбно;2
дожидаться;2
немножко;2
мариновать;2
ювелиршиный;2
сосиска;2
хуст;2
таксомотор;2
надеяться;2
стыдливо;2
выступление;2
груней;2
приходящий;2
разрешение;2
рявкнуть;2
совершенный;2
казённый;2
необыкновенно;2
архиерей;2
мессир;2
курильщик;2
няня;2
бора;2
оборудовать;2
вспомниться;2
шкафик;2
отличаться;2
исписать;2
расспрашивать;2
молоточек;2
эффект;2
последовать;2
парочка;2
отрекомендоваться;2
успех;2
товарищество;2
четверг;2
обещание;2
уложить;2
домоуправление;2
дребезжать;2
орало;2
неделька;2
рассеянность;2
частный;2
вымотать;2
интуристский;2
вилла;2
ницца;2
экземпляр;2
пропись;2
контрамарка;2
пелагея;2
антонович;2
иголочка;2
литература;3
роман;3
доноситься;3
любовь;3
i;3
капитанский;3
дочка;3
рождество;3
обильный;3
зима;3
высоко;3
дрожать;3
мирный;3
стрела;3
дочь;3
гнездо;3
спуск;3
подол;3
печаль;3
церковный;3
прощание;3
анюта;3
вырасти;3
никола;3
полумрак;3
обида;3
мраморный;3
закопать;3
13;3
изразцовый;3
пыхать;3
саардамский;3
плотник;3
гавот;3
покупать;3
искра;3
прежний;3
бессмертный;3
жаркий;3
ковёр;3
пёстрый;3
старинный;3
живить;3
потрясти;3
ворчать;3
улететь;3
сжечь;3
вскоре;3
священник;3
кабинетик;3
беседовать;3
специальность;3
чаша;3
чувствоваться;3
двухэтажный;3
дворик;3
слабенький;3
сарай;3
вытащить;3
караул;3
одиннадцатый;3
негодяй;3
замок;3
запеть;3
замечательный;3
поверхность;3
рисунок;3
улан;3
банда;3
папаха;3
хвост;3
билет;3
влюбиться;3
мужской;3
январь;3
постареть;3
вытянуть;3
почти;3
туманно;3
унтер;3
шеврон;3
пехотный;3
формироваться;3
ввиду;3
жарко;3
кремовый;3
тихонько;3
ать;3
александровский;3
туча;3
форменный;3
па;3
червонный;3
скрыть;3
оборвать;3
огонёчек;3
мерцать;3
окошко;3
близко;3
черно;3
волнение;3
хватать;3
особенный;3
анне;3
коварный;3
осколок;3
еленин;3
тарелочка;3
ломтик;3
продолговатый;3
обстоятельство;3
верхом;3
петух;3
подёрнуть;3
прервать;3
поднимать;3
представлять;3
бандит;3
налить;3
чай;3
говориться;3
зря;3
станция;3
наверное;3
революционный;3
отлично;3
полок;3
достаточно;3
приклад;3
очутиться;3
пята;3
штык;3
витя;3
потемнеть;3
дикий;3
кобура;3
дойти;3
слушаться;3
шов;3
рубашка;3
колонка;3
снимать;3
живо;3
мерзкий;3
плакать;3
нестерпимый;3
яростно;3
тыкать;3
противный;3
муть;3
присесть;3
полезть;3
скорчиться;3
подоконник;3
кончить;3
вскрикивать;3
кавалергард;3
зарезать;3
брань;3
надежда;3
появление;3
смыться;3
адъютант;3
крайний;3
вообразить;3
двести;3
белградский;3
повести;3
местный;3
достоевский;3
хрипеть;3
подпоручик;3
красин;3
сани;3
везти;3
сдобный;3
скорее;3
офицернить;3
тэк;3
святой;3
делаться;3
приём;3
купе;3
вылезти;3
эй;3
теплушка;3
цинковый;3
течь;3
тоненький;3
скверный;3
действовать;3
министерство;3
генеральный;3
пояс;3
твёрдый;3
университет;3
коронка;3
снисходительно;3
пара;3
письменный;3
разбудить;3
поступить;3
измениться;3
полчаса;3
внутренний;3
серо;3
шашка;3
состав;3
фон;3
глупый;3
пошлый;3
выражаться;3
март;3
повязка;3
петров;3
чудесный;3
фронт;3
сухо;3
сизый;3
служить;3
пасха;3
гудеть;3
шар;3
выбирать;3
давиться;3
серёжа;3
уста;3
зигзаг;3
угадать;3
салон;3
принадлежащий;3
беспрепятственно;3
дон;3
превратиться;3
расчёт;3
порядок;3
крайность;3
паспорт;3
очнуться;3
предупредить;3
обязательно;3
чувство;3
выдержать;3
залить;3
сжалиться;3
аккомпанемент;3
гордость;3
тощий;3
марка;3
пятый;3
пробежать;3
вбок;3
зависть;3
заносить;3
полосатый;3
впереди;3
неприятно;3
расстроиться;3
ночной;3
назойливый;3
проклинать;3
глубоко;3
прикрыть;3
кожаный;3
многие;3
домовладелец;3
чудо;3
сахар;3
плевать;3
держаться;3
затихнуть;3
английский;3
булавка;3
плед;3
приложить;3
достать;3
всмотреться;3
разрез;3
кирпич;3
звенящий;3
запечатать;3
волчий;3
страдать;3
сугроб;3
темнота;3
крап;3
селянин;3
медный;3
мыло;3
коситься;3
художественный;3
ласково;3
мощный;3
серебряный;3
курить;3
влево;3
шестой;3
несомненно;3
угрожать;3
рупор;3
плюнуть;3
средство;3
немыслимо;3
гвардейский;3
школа;3
брысь;3
букет;3
кукла;3
развязный;3
добиваться;3
талантливый;3
пропадать;3
столкнуться;3
новость;3
дивизион;3
глупо;3
наглый;3
чудовищный;3
театральный;3
вешалка;3
трогать;3
захотеться;3
запретить;3
формировать;3
беспокоиться;3
устроить;3
позавчера;3
каналья;3
ноябрь;3
мобилизация;3
жалко;3
покрыться;3
опасный;3
допустить;3
правильный;3
владимирский;3
флаг;3
икона;3
выговорить;3
занятый;3
гробовой;3
прошептать;3
слушайте;3
интерес;3
раздвинуться;3
уставиться;3
царствовать;3
легенда;3
наследник;3
вытирать;3
блеснуть;3
опыт;3
жаловаться;3
колокол;3
подвести;3
русь;3
возвращаться;3
тошный;3
клясться;3
ц;3
шаркать;3
запахнуть;3
уметь;3
спирт;3
мокрый;3
виднеться;3
воспалить;3
толкать;3
суетиться;3
пробор;3
подушка;3
повод;3
предшествовать;3
мех;3
тонко;3
лента;3
приготовить;3
соседний;3
налитой;3
непонятный;3
брак;3
значительно;3
поцеловаться;3
кошмар;3
4;3
винт;3
бесчисленный;3
сбить;3
воротник;3
подниматься;3
миллион;3
царский;3
падать;3
человечество;3
гуща;3
холодно;3
мост;3
житель;3
устремляться;3
банкир;3
поручить;3
избрание;3
кофе;3
наиболее;3
клуб;3
табачный;3
соловей;3
оранжевый;3
шёлк;3
бриллиант;3
французский;3
игрок;3
мечтать;3
хлынуть;3
проходить;3
полк;3
увидать;3
мясо;3
запад;3
пена;3
навсегда;3
наименование;3
горожанин;3
смеяться;3
безжалостно;3
скалиться;3
выучить;3
попробовать;3
зверь;3
5;3
гром;3
окровавленный;3
потечь;3
германец;3
нисколько;3
непосредственно;3
сияние;3
молоко;3
сладкий;3
хлопнуть;3
качнуть;3
донестись;3
симон;3
уверять;3
приезжий;3
припомнить;3
мышка;3
хо;3
указание;3
расписка;3
требовать;3
спасение;3
суд;3
восклицать;3
лишать;3
отчаянно;3
подозрительный;3
болезненный;3
направление;3
любопытство;3
й;3
смущённый;3
эге;3
бесследно;3
дунька;3
возбуждённо;3
перекоп;3
напрягать;3
м;3
помещение;3
смутиться;3
врать;3
похолодеть;3
ад;3
дурак;3
необъяснимый;3
квадрат;3
утренний;3
багровый;3
безопасно;3
банковский;3
удобный;3
способ;3
сверхъестественный;3
толстой;3
журнал;3
будочка;3
дышать;3
нарзан;3
икать;3
жокейский;3
явление;3
овладеть;3
срок;3
сожаление;3
удовлетворить;3
получиться;3
образовать;3
существование;3
правило;3
дева;3
учреждение;3
хромать;3
костюм;3
выше;3
окинуть;3
заинтересовать;3
изломанный;3
рождение;3
скажем;3
беседа;3
приподняться;3
выразиться;3
ловко;3
вступить;3
ослышаться;3
обращать;3
нахмуриться;3
простить;3
атеист;3
рассердиться;3
пояснить;3
сконфузиться;3
беспокоить;3
составить;3
звучный;3
неподвижно;3
поскользнуться;3
частность;3
ирония;3
громко;3
бесшумно;3
разлить;3
поглядывать;3
зашептать;3
выспросить;3
жест;3
надобность;3
приятно;3
магия;3
рукопись;3
требоваться;3
разобрать;3
преследовать;3
примешиваться;3
двенадцатый;3
кентурия;3
протянуть;3
подговаривать;3
произнесение;3
пылать;3
адский;3
ошибаться;3
монотонно;3
замысловатый;3
несильно;3
существо;3
выражать;3
вызывать;3
направо;3
греческий;3
призывать;3
оживиться;3
множество;3
попадаться;3
умолять;3
встретиться;3
дурной;3
мука;3
изгнать;3
потребовать;3
пожаловаться;3
ненужный;3
палач;3
сжать;3
польза;3
свиток;3
постараться;3
удивляться;3
кисть;3
приветствие;3
свидетель;3
бродячий;3
вынести;3
малое;3
понестись;3
назвать;3
тон;3
справедливость;3
вязать;3
рассуждать;3
пожалеть;3
передёрнуть;3
распоряжение;3
красавец;3
оцепление;3
распорядиться;3
цель;3
совещание;3
иудейский;3
взволновать;3
свобода;3
намеренный;3
освободить;3
вторично;3
некого;3
песок;3
душный;3
поверить;3
ведать;3
присутствовать;3
выводить;3
щуриться;3
задерживать;3
зазвенеть;3
хохот;3
морщить;3
гражданка;3
отчётливо;3
гостиница;3
бюро;3
устремиться;3
выход;3
треснуть;3
сорваться;3
булыжник;3
откос;3
вожатый;3
глупость;3
гадкий;3
теряться;3
кинуться;3
нарочно;3
компания;3
задний;3
лапа;3
никитский;3
прохожий;3
ход;3
арбатский;3
всучить;3
гривенник;3
скупо;3
ванная;3
бумажный;3
бородач;3
платье;3
платформа;3
горе;3
важно;3
добиться;3
перелыгино;3
соображать;3
автор;3
порционный;3
встретить;3
пятнадцать;3
кастрюлька;3
стерлядь;3
серьёзно;3
нервничать;3
бескудник;3
клязьма;3
сочинять;3
лаврович;3
квант;3
отвезти;3
посуда;3
фрак;3
флибустьер;3
натворить;3
вульф;3
робко;3
ткнуть;3
хе;3
собственно;3
хмуро;3
деловой;3
композитор;3
заезжать;3
нажать;3
стёклышко;3
память;3
заключить;3
рюмка;3
патефон;3
занимать;3
спешно;3
условие;3
пирамидон;3
берет;3
визитёр;3
гриб;3
гастроль;3
финдиректор;3
груня;3
невероятный;3
воспоминание;3
насчёт;3
неожиданный;3
сознание;3
угу;3
выписать;3
заявление;3
жилплощадь;3
официальный;3
неофициальный;3
покойник;3
контрамарочка;3
10;4
класс;4
задыхаться;4
метель;4
1;4
особенно;4
мама;4
поход;4
николай;4
наглухо;4
блестеть;4
кованый;4
носок;4
коричневый;4
печальный;4
старик;4
разноцветный;4
ныне;4
ничто;4
мудрый;4
сокол;4
михаилович;4
шёлковый;4
портьера;4
молвить;4
восемь;4
север;4
печь;4
задуматься;4
вдаль;4
шуметь;4
прочитать;4
засыпать;4
гигантский;4
сахарный;4
накрыть;4
турбинский;4
смысл;4
союзник;4
леонид;4
юриевич;4
наступать;4
нежный;4
здравствовать;4
недаром;4
25;4
туфля;4
зной;4
волноваться;4
погодить;4
прислушаться;4
тяжело;4
пожать;4
впечатление;4
самовар;4
скатерть;4
бел;4
матовый;4
красота;4
враг;4
разбить;4
прозрачный;4
изуродовать;4
прядь;4
мрак;4
движение;4
пауза;4
вернуть;4
бант;4
отдельный;4
линия;4
помолчать;4
двойной;4
звон;4
радостно;4
прозвучать;4
башлык;4
ухватиться;4
цвет;4
печально;4
родиться;4
осторожный;4
маузер;4
повалиться;4
икра;4
стихнуть;4
гнусный;4
постоять;4
переходить;4
наступление;4
сойти;4
ночью;4
шевелиться;4
спасти;4
пожаловать;4
ужаснуться;4
оказываться;4
папироса;4
свинья;4
нравиться;4
снаряд;4
штабной;4
найти;4
тип;4
принимать;4
откинуться;4
представиться;4
убитый;4
слой;4
значок;4
показывать;4
вероятно;4
торопливо;4
усилие;4
возвышаться;4
крышка;4
молча;4
шкаф;4
степень;4
металлический;4
обратно;4
нигде;4
апрель;4
боевой;4
форма;4
сердиться;4
особенность;4
появляться;4
грозить;4
будущее;4
начальник;4
вспыхнуть;4
фауст;4
густой;4
дрогнуть;4
дзинь;4
дико;4
спасть;4
заставить;4
вследствие;4
явственно;4
крещатик;4
лопнуть;4
стенка;4
вопль;4
окончательно;4
отправиться;4
цепочка;4
аккуратно;4
провести;4
вскрыть;4
пугливо;4
поворот;4
полоска;4
лечь;4
съесть;4
фальшуванний;4
конный;4
явный;4
зажечь;4
сонный;4
единственный;4
защита;4
качаться;4
ра;4
президент;4
бешеный;4
фёдор;4
непременно;4
дурацкий;4
наверху;4
ур;4
петербургский;4
ужинать;4
выслушать;4
готовый;4
правильно;4
ядовито;4
набрать;4
впоследствии;4
величество;4
ошеломить;4
удивиться;4
дальнейший;4
история;4
шпор;4
завопить;4
де;4
душевнобольной;4
свалиться;4
мешок;4
поклониться;4
погаснуть;4
надеть;4
одиночество;4
захотеть;4
жирный;4
попасться;4
раскинуться;4
огромный;4
здание;4
огненный;4
основание;4
спокойно;4
актёр;4
личность;4
волосок;4
помещик;4
лихач;4
кстати;4
чужой;4
торчать;4
легко;4
развалиться;4
стрельба;4
выбросить;4
историк;4
быстрота;4
вечно;4
тыл;4
слабый;4
проснуться;4
следствие;4
убийца;4
происшествие;4
заключение;4
указывать;4
ранний;4
разучить;4
ги;4
удержаться;4
подписать;4
ай;4
союз;4
песня;4
реформа;4
догадаться;4
разум;4
похоже;4
бас;4
докладывать;4
подмигнуть;4
выразить;4
вдали;4
поставить;4
разрешить;4
касаться;4
зимний;4
литрес;4
карта;4
мастер;4
маргарита;4
летний;4
правление;4
литературный;4
обидеться;4
абрикосовый;4
игла;4
физиономия;4
поэма;4
приятель;4
отчий;4
акцент;4
учёный;4
опасаться;4
полностью;4
соловка;4
завтрак;4
обращаться;4
жаль;4
саркома;4
доставить;4
интересовать;4
окружающий;4
сжигать;4
собраться;4
мучить;4
отказаться;4
твёрдо;4
сводить;4
извиняться;4
зрение;4
запах;4
пальма;4
струя;4
легионер;4
ершалаимский;4
вывести;4
арамейский;4
притворяться;4
оттого;4
удивление;4
праздник;4
гипподром;4
велеть;4
колоть;4
померещиться;4
потерять;4
сорвать;4
копьё;4
передать;4
верёвка;4
знакомый;4
дисмас;4
гестас;4
вцепиться;4
ласточка;4
безумный;4
совершиться;4
закон;4
несчастный;4
беречься;4
приблизиться;4
дворцовый;4
схватить;4
заключаться;4
рвануть;4
проникнуть;4
шум;4
выражение;4
краткий;4
оглядываться;4
пространство;4
ступень;4
растеряться;4
дьявол;4
дядя;4
глазок;4
турникет;4
шагнуть;4
переложить;4
лёд;4
морг;4
ругаться;4
озираться;4
сомнительный;4
пропустить;4
вон;4
толстовка;4
выясниться;4
груда;4
владеть;4
тётка;4
помнится;4
посетитель;4
естественно;4
двенадцать;4
ресторанный;4
резиновый;4
жорж;4
денискин;4
комиссия;4
заехать;4
забор;4
ловить;4
полотенце;4
пантелей;4
клиника;4
трюмо;4
анфиса;4
домработница;4
груни;4
зеркало;4
стопка;4
хустов;4
притолока;4
жилтоварищество;4
гвардия;5
семья;5
кровавый;5
снежный;5
революция;5
вечерний;5
лететь;5
декабрь;5
дед;5
светлый;5
служба;5
родный;5
май;5
бок;5
облегчение;5
проводить;5
крест;5
печка;5
привыкнуть;5
изразец;5
поле;5
чашка;5
пыльный;5
трудный;5
рассвет;5
становиться;5
потухнуть;5
умирать;5
весенний;5
шевельнуться;5
уверенный;5
страница;5
скоро;5
обвиснуть;5
явно;5
спешить;5
подпись;5
толстый;5
весьма;5
френч;5
пряжка;5
нежно;5
плохо;5
офицерский;5
дружина;5
четвёртый;5
несмотря;5
бросать;5
училище;5
поделать;5
столб;5
понятно;5
ой;5
гостиная;5
испуганный;5
взяться;5
несчастие;5
закусить;5
выпить;5
б;5
застрять;5
погубить;5
стрелка;5
лгать;5
напасть;5
обещать;5
винтовка;5
тенор;5
капюшон;5
подбородок;5
деревянный;5
поцеловать;5
застонать;5
ключ;5
узкий;5
носка;5
сорочка;5
ладонь;5
мгновенно;5
щеткина;5
называться;5
смена;5
обыкновенный;5
полночь;5
ждать;5
деревня;5
одетый;5
камень;5
конь;5
найтись;5
паровоз;5
вести;5
пронизать;5
книжный;5
причина;5
ворваться;5
искать;5
мягко;5
никак;5
улыбка;5
чемодан;5
здоровый;5
мужицкий;5
известие;5
ведущий;5
большевистский;5
статья;5
гибель;5
край;5
пробраться;5
рухнуть;5
покраснеть;5
отделение;5
бледный;5
грозно;5
3;5
тайна;5
упор;5
страх;5
сходить;5
признак;5
спрятать;5
лебiдь;5
юрчик;5
золото;5
кольцо;5
портсигар;5
дорогой;5
злобно;5
извозчик;5
завтра;5
пот;5
чертовый;5
голый;5
рассмеяться;5
подъезд;5
драться;5
платок;5
кривая;5
живот;5
паника;5
стукнуть;5
императорский;5
кит;5
конченый;5
болезнь;5
железный;5
ошибка;5
торжественно;5
вильгельм;5
напрасно;5
смятение;5
висок;5
хрипло;5
горький;5
неудобно;5
веко;5
постель;5
едва;5
уважение;5
малый;5
честь;5
лишний;5
страна;5
дымка;5
подвесить;5
приятный;5
заграничный;5
солнечный;5
терраса;5
внутрь;5
довольно;5
стеклянный;5
николаевский;5
терять;5
тарелка;5
государственный;5
приходить;5
страшно;5
затылок;5
сотня;5
горячий;5
продолжаться;5
шпион;5
зелень;5
разумеется;5
вперёд;5
выпустить;5
турок;5
описание;5
бородка;5
сдать;5
меч;5
облако;5
кулак;5
сообщать;5
дуня;5
взглянуть;5
поп;5
привидение;5
ежели;5
размер;5
пиво;5
усесться;5
вправо;5
успокоиться;5
являться;5
прищуриться;5
попытка;5
предмет;5
понравиться;5
интересно;5
собеседник;5
прибавить;5
многозначительно;5
видимый;5
испуганно;5
разрушить;5
кант;5
признаться;5
ручаться;5
внимание;5
субъект;5
предложить;5
сегодняшний;5
луна;5
объявить;5
лечебница;5
шизофрения;5
негромко;5
плащ;5
фонтан;5
латынь;5
вынуть;5
статуя;5
род;5
гречески;5
действие;5
левий;5
матвей;5
позвать;5
яд;5
принести;5
наверно;5
философ;5
кожа;5
послышаться;5
полагаться;5
согласно;5
объясниться;5
полететь;5
тронуться;5
сообразить;5
метрополь;5
телеграмма;5
рельс;5
кондукторша;5
грибоедовский;5
арчибальд;5
арчибальдович;5
колизей;5
джаз;5
штурман;5
глухарёв;5
желдыбин;5
заплясать;5
иванов;5
пират;5
санитар;5
ага;5
кнопка;5
беломут;5
закуска;5
стёпин;5
цилиндр;5
портфель;5
булгаков;6
перо;6
1918;6
мохнатый;6
дерево;6
лиловый;6
загадочный;6
бой;6
носить;6
умереть;6
муж;6
днепр;6
начинаться;6
вьюга;6
грозный;6
приходиться;6
божий;6
2;6
уютный;6
шапка;6
василий;6
дрова;6
ужасный;6
записать;6
любить;6
буква;6
вещь;6
тонк;6
танк;6
треня;6
рота;6
ползти;6
рыжеватый;6
положить;6
настоящий;6
близкий;6
значит;6
поздний;6
роза;6
утверждать;6
прекрасный;6
тоскливый;6
вздохнуть;6
невольно;6
холод;6
хриплый;6
гордый;6
ох;6
отправить;6
тепло;6
боль;6
горько;6
отойти;6
запрыгать;6
приезжать;6
ненавистный;6
шесть;6
бегать;6
привести;6
най;6
турс;6
оттуда;6
двое;6
здорово;6
царство;6
извинить;6
зевнуть;6
одиннадцать;6
привезти;6
рассказать;6
сорок;6
возможно;6
положение;6
связь;6
корень;6
тихий;6
весёлый;6
старый;6
обои;6
век;6
прямой;6
пятьдесят;6
удаться;6
сильный;6
строй;6
бумажка;6
острый;6
прыгать;6
смутный;6
граница;6
площадка;6
против;6
тишина;6
тесно;6
карточка;6
свист;6
щель;6
течение;6
глубина;6
открытый;6
провалиться;6
мужчина;6
знак;6
труба;6
тюрьма;6
необыкновенный;6
стакан;6
мутный;6
победить;6
князь;6
командир;6
кавалерийский;6
вздор;6
театр;6
важный;6
русски;6
вытаращить;6
момент;6
план;6
государь;6
ездить;6
внизу;6
мучительный;6
секунда;6
отчаянный;6
ручка;6
босой;6
целый;6
высота;6
открыться;6
купить;6
греметь;6
лезть;6
невозможно;6
всадник;6
писатель;6
состояться;6
менее;6
около;6
некий;6
настолько;6
вновь;6
помещаться;6
ожидать;6
второе;6
короткий;6
подобный;6
мимо;6
шомпол;6
выдать;6
связать;6
удивительный;6
рай;6
подойти;6
пётр;6
секрет;6
очки;6
броситься;6
казнь;6
никуда;6
скамья;6
нелепый;6
задержать;6
низкий;6
прочее;6
предложение;6
удовольствие;6
охотно;6
заседание;6
стих;6
миша;6
крыло;6
болеть;6
кентурион;6
повторять;6
разбойник;6
ИСТИНА;6
злой;6
иуда;6
кириаф;6
крик;6
вспомнить;6
трястись;6
повезти;6
ялта;6
фок;6
рубль;6
бульвар;6
официант;6
ве;6
жилец;6
ребёнок;7
часть;7
сделаться;7
написать;7
звезда;7
счастие;7
капитан;7
неделя;7
сын;7
тяжкий;7
александр;7
мрачно;7
бровь;7
растерянно;7
давать;7
жар;7
бронзовый;7
блестящий;7
абажур;7
восемнадцатый;7
сумерки;7
забормотать;7
пробормотать;7
пачка;7
проговорить;7
лисович;7
сильно;7
весело;7
загореться;7
чёрт;7
краска;7
го;7
бритый;7
мрачный;7
мягкий;7
ка;7
чепуха;7
трое;7
убедиться;7
чувствовать;7
хотеться;7
сомнение;7
иначе;7
верный;7
магазин;7
тоска;7
поезд;7
читать;7
четверть;7
мерзавец;7
команда;7
немецкий;7
пожалуйста;7
побежать;7
фигура;7
шинель;7
слеза;7
бутылка;7
трактир;7
грязный;7
стон;7
услыхать;7
таз;7
отрезать;7
бельё;7
махнуть;7
изобразить;7
понятный;7
сразу;7
разглядеть;7
выскочить;7
прислать;7
внезапно;7
очевидный;7
сухой;7
ясно;7
человеческий;7
покоситься;7
вечный;7
точка;7
иной;7
шаровары;7
заявить;7
нечего;7
ибо;7
однажды;7
рыжий;7
крупный;7
некогда;7
анна;7
розовый;7
тряпка;7
заглянуть;7
документ;7
лейтенант;7
долго;7
мышь;7
прежде;7
очередь;7
слышаться;7
внимательно;7
помощь;7
тайник;7
50;7
чугунный;7
равно;7
базар;7
вздрогнуть;7
пустить;7
долг;7
немного;7
сюда;7
угодный;7
поймать;7
студент;7
проклятый;7
указать;7
вера;7
артист;7
собственный;7
городской;7
круглый;7
пенсне;7
эскадрон;7
среди;7
оставаться;7
мужик;7
двинуться;7
явдоха;7
недавно;7
интересный;7
разве;7
увы;7
живой;7
апостол;7
согласиться;7
заранее;7
гнев;7
садовый;7
литератор;7
впервые;7
необходимо;7
иностранный;7
возразить;7
управлять;7
неприятный;7
обратиться;7
собираться;7
когорта;7
легион;7
отсюда;7
записывать;7
подать;7
погибнуть;7
гораздо;7
свидание;7
осудить;7
решётка;7
судачок;7
варьете;7
францевич;7
судьба;8
мёртвый;8
начало;8
тело;8
словно;8
тридцать;8
кругом;8
выть;8
упасть;8
посмотреть;8
двор;8
лес;8
номер;8
следующий;8
сволочь;8
товарищ;8
карман;8
пыль;8
странно;8
тьма;8
штука;8
поручик;8
хлеб;8
пьяный;8
баба;8
тонкий;8
высокий;8
красивый;8
пытаться;8
белые;8
отпустить;8
цепь;8
заснуть;8
мера;8
гусар;8
глянуть;8
вроде;8
почувствовать;8
счёт;8
взрыв;8
военный;8
простой;8
сиять;8
ровно;8
чей;8
вслед;8
ящик;8
осветить;8
звук;8
фонарь;8
десятка;8
директор;8
побледнеть;8
вскочить;8
слышный;8
ладный;8
свита;8
висеть;8
спать;8
диван;8
рост;8
брюки;8
ряд;8
аллея;8
липа;8
либо;8
знамение;8
умный;8
шёпотом;8
видение;8
сверкнуть;8
мол;8
помиловать;8
общий;8
бессмертие;8
например;8
изумление;8
интурист;8
приговор;8
расстроить;8
милиционер;8
нормальный;8
лиходеев;8
россия;9
война;9
лето;9
мороз;9
наступить;9
сергей;9
отец;9
сапог;9
ответ;9
происходить;9
бить;9
мелькнуть;9
пустой;9
берег;9
перебить;9
удар;9
глухо;9
закрыть;9
неизвестно;9
генерал;9
нести;9
глубокий;9
синий;9
похожий;9
помнить;9
событие;9
штора;9
здравствуйте;9
темно;9
поэтому;9
поехать;9
молчать;9
покой;9
неужели;9
гм;9
решительно;9
слава;9
лестница;9
колено;9
халат;9
полковник;9
утром;9
пост;9
впрочем;9
ясный;9
полагать;9
возле;9
оперетка;9
коридор;9
месяц;9
лист;9
показать;9
злоба;9
далее;9
ванда;9
трубка;9
кусок;9
вниз;9
вверх;9
оглянуться;9
дым;9
бывший;9
существовать;9
воздух;9
виноватый;9
плясать;9
повторить;9
капор;9
явиться;9
видный;9
покинуть;9
взор;9
лысый;9
связанный;9
причём;9
вокруг;9
собака;9
подсолнечный;9
звонить;9
клетчатый;9
скамейка;9
шепнуть;9
незнакомец;9
смертный;9
вчерашний;9
колоннада;9
пергамент;9
легат;9
кесарь;9
дача;9
богданович;9
славно;9
беда;10
молодой;10
заметить;10
василиевич;10
зачем;10
давно;10
играть;10
рукав;10
семь;10
двадцать;10
половина;10
кончиться;10
ходить;10
погон;10
пулемёт;10
солдат;10
остановиться;10
стул;10
сей;10
пора;10
туда;10
тревога;10
пожалуй;10
полка;10
войти;10
подтвердить;10
чистый;10
пусть;10
сколько;10
представить;10
число;10
простыня;10
ванна;10
мозг;10
главный;10
бояться;10
жена;10
услышать;10
настать;10
изволить;10
держать;10
ненависть;10
бросить;10
жёлтый;10
каменный;10
печать;10
приказать;10
точно;10
вызвать;10
марк;10
успеть;10
пригласить;10
прокричать;10
позвонить;10
иконка;10
грузовик;10
амвросий;10
степан;10
контракт;10
мгновение;11
всегда;11
много;11
гореть;11
турбин;11
трудно;11
воля;11
ударить;11
видно;11
ус;11
право;11
назад;11
прекрасно;11
сто;11
встать;11
верста;11
тень;11
гетманский;11
желать;11
лично;11
лоб;11
газета;11
холодный;11
снять;11
штаб;11
дворец;11
машина;11
ум;11
нету;11
грохот;11
э;11
волос;11
уходить;11
тоже;11
известный;11
некоторый;11
гость;11
имя;11
находиться;11
вместо;11
спина;11
надпись;11
вечером;11
разговаривать;11
приехать;11
вино;11
сообщить;11
выходить;11
уехать;11
речь;11
зал;11
волна;11
дама;11
мир;11
луч;11
усмехнуться;11
ничуть;11
храм;11
ворота;11
помост;11
свеча;11
переводчик;11
море;12
николкина;12
нос;12
пропасть;12
кровать;12
таинственный;12
оставить;12
плохой;12
тяжёлый;12
река;12
кровь;12
итак;12
этаж;12
нижний;12
инженер;12
послать;12
мало;12
писать;12
женский;12
юнкер;12
колонна;12
пушка;12
украинский;12
шаг;12
быстро;12
стрелять;12
стекло;12
должный;12
молчание;12
кухня;12
принять;12
рот;12
забыть;12
пятно;12
вагон;12
вскричать;12
лошадь;12
радость;12
пол;12
член;12
действительно;12
образ;12
также;12
дух;12
супруг;12
чрезвычайно;12
рядом;12
бормотать;12
объяснить;12
глава;12
произнести;12
грудь;12
бронный;12
телефон;12
осведомиться;12
синедрион;12
крысобой;12
столик;12
швейцар;12
снег;13
четыре;13
перестать;13
начаться;13
главное;13
электрический;13
сесть;13
разный;13
петь;13
знаменитый;13
случиться;13
потолок;13
вовсе;13
стараться;13
сон;13
широкий;13
улыбаться;13
добавить;13
кальсоны;13
вежливый;13
получить;13
нужный;13
сердце;13
открыть;13
произвести;13
пруд;13
рассказ;13
доказательство;13
покойный;13
сверкать;14
шея;14
совсем;14
пахнуть;14
слух;14
новый;14
известно;14
взгляд;14
далеко;14
узнать;14
масло;14
называть;14
германский;14
армия;14
серый;14
губа;14
повесить;14
лёгкий;14
просить;14
вместе;14
ужас;14
улыбнуться;14
дорога;14
произойти;14
иметь;14
язык;14
правда;14
переулок;14
император;14
появиться;14
ненавидеть;14
великий;14
вахмистр;14
бывать;14
аннушка;14
толпа;14
вар;14
равван;14
сквозь;15
небо;15
правый;15
голубой;15
смотреть;15
лежать;15
земля;15
следовать;15
брать;15
брат;15
вечер;15
друг;15
всякий;15
гитара;15
тревожный;15
левый;15
показаться;15
ехать;15
щека;15
неожиданно;15
отвечать;15
верно;15
откуда;15
утро;15
путь;15
московский;15
разговор;15
прямо;15
угол;15
туман;15
кабинет;15
вообще;15
поразить;15
милиция;15
исчезнуть;16
площадь;16
хотя;16
господь;16
лишь;16
бежать;16
больной;16
чуть;16
деньга;16
конвой;16
убить;16
оба;16
пить;16
власть;16
ухо;16
трамвай;16
рассказывать;16
редактор;16
массолит;16
римский;16
каифа;16
регент;16
закричать;17
книга;17
мать;17
смерть;17
громадный;17
столовая;17
часы;17
конец;17
далёкий;17
кресло;17
нельзя;17
больший;17
таки;17
палец;17
десять;17
наконец;17
поглядеть;17
твой;17
решить;17
бумага;17
попросить;17
между;17
воскликнуть;17
однако;17
иисус;17
консультант;17
игемона;17
тёмный;18
наш;18
старший;18
украина;18
огонь;18
длинный;18
остаться;18
прийтись;18
верхний;18
веранда;18
немой;18
большевик;18
хоть;18
вид;18
спрашивать;18
помочь;18
повернуться;18
кричать;18
сила;18
пройти;18
слушать;18
попасть;18
жилин;18
воланд;18
немедленно;18
ноцрить;18
сумасшедший;18
русский;19
пойти;19
зелёный;19
спальня;19
плечо;19
вода;19
карась;19
слышать;19
подняться;19
каждый;19
стоить;19
тысяча;19
душа;19
арестовать;19
народ;19
фамилия;19
кроме;19
га;19
первосвященник;19
просто;20
добрый;20
жить;20
казаться;20
последний;20
пока;20
можно;20
тотчас;20
передний;20
крикнуть;20
зуб;20
делать;20
вчера;20
третий;21
поднять;21
ах;21
понтия;21
ершалаим;21
второй;22
лампа;22
тем;22
оно;22
случай;22
ж;22
хорошо;22
преступник;22
патриарший;22
балкон;22
эх;23
сторона;23
начинать;23
господин;23
странный;23
никогда;23
тихо;23
продолжать;23
ресторан;23
коровьев;23
иешуа;23
солнце;24
шервинский;24
взять;24
водка;24
тогда;24
отозваться;24
уйти;24
кой;24
александрович;24
грибоедов;24
жизнь;25
стол;25
петлюр;25
дать;25
именно;25
алексей;26
гора;26
ночь;26
несколько;26
офицер;26
позволить;26
вопрос;26
для;26
михаил;27
красный;27
место;27
полный;27
врач;27
без;27
гетман;27
куда;27
надо;27
гражданин;27
вернуться;28
выйти;28
стена;28
верить;28
про;28
оказаться;28
пять;28
более;28
председатель;28
доктор;28
стравинский;28
золотой;29
нибыть;29
глядеть;29
конечно;29
будто;29
три;29
стоять;30
хороший;30
сегодня;30
затем;30
понять;30
маленький;31
перед;31
минута;31
понимать;31
кот;31
нужно;32
дверь;32
неизвестный;32
страшный;33
сад;33
улица;33
никакой;33
секретарь;33
увидеть;34
опять;34
заговорить;34
сделать;35
сидеть;35
потому;35
почему;35
черта;36
думать;36
мой;36
после;37
прийти;37
потом;37
теперь;38
окно;39
комната;39
начать;39
мысль;39
бездомный;39
женщина;40
ваш;40
совершенно;41
уж;41
хотеть;41
никто;41
москва;41
рюхин;41
вдруг;43
самый;43
нога;43
раз;43
час;43
мышлаевский;43
подумать;43
есть;43
арестант;43
большой;44
идти;45
или;45
василиса;45
иностранец;45
день;46
дом;46
никанор;47
через;48
турбина;49
ничего;49
немец;49
квартира;50
год;51
бог;51
свет;51
чем;51
там;51
при;52
здесь;53
другой;53
николка;54
если;54
даже;54
профессор;55
ведь;55
сейчас;57
николаевич;57
время;58
дело;59
белый;61
поэт;61
тальберг;62
чёрный;62
над;62
иванович;63
чтобы;63
видеть;63
очень;65
первый;66
голос;68
степ;68
ли;69
стать;69
спросить;73
елена;74
до;78
когда;78
лицо;79
два;81
ответить;85
ещё;89
голова;89
мы;91
ну;91
уже;91
мочь;94
где;95
слово;95
себя;96
прокуратор;96
такой;98
под;99
ни;105
свой;107
один;108
берлиоз;109
город;110
кто;110
от;111
нет;111
пилат;112
только;113
рука;117
который;120
знать;120
человек;120
весь;122
бы;128
вот;129
тут;130
глаз;133
да;137
о;145
говорить;152
она;156
сам;159
так;161
сказать;163
какой;165
этот;179
всё;189
из;190
за;193
ты;197
иван;201
по;209
у;215
тот;230
они;234
к;235
же;243
вы;243
но;272
как;321
то;367
это;376
я;389
а;465
быть;479
с;594
что;741
не;788
на;799
он;825
в;1475
и;2038
